WKT,ad,yol_adi,from_node,to_node,uzunluk,tip1_talep,tip2_talep,yon,avgataturk_sefer1_service,avgataturk_sefer1_sira,avgataturk_sefer2_service,avgataturk_sefer2_sira,avg_gecis,azu_gecis,mahalle,trafik_seviyesi
"LINESTRING (27.1930836 38.3722019, 27.193272 38.3722172)",,Hoca Ahmet Yesevi cd.,303,304.0,17.0,0.0,0.0,cift,0.0,0.0,0.0,0.0,1,1,depo_baglanti,yuksek
"LINESTRING (27.1923723 38.3721617, 27.1930836 38.3722019)",,Hoca Ahmet Yesevi cd.,304,305.0,62.0,0.0,0.0,cift,0.0,0.0,0.0,0.0,1,1,depo_baglanti,yuksek
"LINESTRING (27.1896651 38.3680462, 27.1897909 38.3687934)",,1409. sk.,408,438.0,183.0,0.0,0.0,cift,0.0,0.0,0.0,0.0,1,1,depo_baglanti,orta
"LINESTRING (27.18791 38.37275, 27.1886211 38.3726431)",,Hoca Ahmet Yesevi cd.,63,239.0,63.0,0.0,0.0,cift,0.0,0.0,0.0,0.0,1,1,depo_baglanti,yuksek
"LINESTRING (27.1886211 38.3726431, 27.1894308 38.3725928, 27.1898988 38.3725508, 27.1901952 38.3725082, 27.1904724 38.3724412)",,Hoca Ahmet Yesevi cd.,239,319.0,164.0,0.0,0.0,cift,0.0,0.0,0.0,0.0,1,1,depo_baglanti,yuksek
"LINESTRING (27.1911572 38.3722752, 27.1916028 38.3721771)",,Hoca Ahmet Yesevi cd.,391,392.0,40.0,0.0,0.0,cift,0.0,0.0,0.0,0.0,1,1,depo_baglanti,yuksek
"LINESTRING (27.1916028 38.3721771, 27.1918564 38.372147, 27.1920247 38.3721412, 27.1923723 38.3721617)",,Hoca Ahmet Yesevi cd.,305,391.0,68.0,0.0,0.0,cift,0.0,0.0,0.0,0.0,1,1,depo_baglanti,yuksek
"LINESTRING (27.193272 38.3722172, 27.1939465 38.3722495)",,Hoca Ahmet Yesevi cd.,302,303.0,59.0,0.0,0.0,cift,0.0,0.0,0.0,0.0,1,1,depo_baglanti,yuksek
"LINESTRING (27.1932836 38.3698895, 27.1934951 38.3699413, 27.1941147 38.3700212)",,Ahmet Pristina Blv.,380,294.0,74.0,0.0,0.0,tek,0.0,0.0,0.0,0.0,1,1,depo_baglanti,yuksek
"LINESTRING (27.1941147 38.3700212, 27.1950317 38.3702754, 27.1953421 38.3703227, 27.1953673 38.3703091, 27.1953891 38.3702983, 27.1954149 38.3702872)",,Ahmet Pristina Blv.,294,220.0,120.0,0.0,0.0,tek,0.0,0.0,0.0,0.0,1,1,depo_baglanti,yuksek
"LINESTRING (27.1953047 38.3704635, 27.1953004 38.3704453, 27.1952974 38.3704335, 27.1953024 38.3703917, 27.1953088 38.3703749, 27.1953222 38.370351, 27.1953416 38.3703292, 27.1953681 38.370311, 27.1953999 38.3702952, 27.1954149 38.3702872)",,Dogus cd.,222,220.0,24.0,0.0,0.0,tek,0.0,0.0,0.0,0.0,1,1,depo_baglanti,yuksek
"LINESTRING (27.1939465 38.3722495, 27.1940138 38.3722963, 27.1941005 38.3723883, 27.194133 38.3724676, 27.1941295 38.3725363, 27.194115 38.3726168)",,Hoca Ahmet Yesevi cd.,227,302.0,47.0,0.0,0.0,tek,0.0,0.0,0.0,0.0,1,1,depo_baglanti,yuksek
"LINESTRING (27.194115 38.3726168, 27.1943937 38.3722698)",,Dogus cd.,227,226.0,46.0,0.0,0.0,tek,0.0,0.0,0.0,0.0,1,1,depo_baglanti,yuksek
"LINESTRING (27.1939465 38.3722495, 27.1940756 38.372271, 27.1942071 38.3722844, 27.1943029 38.3722833, 27.1943937 38.3722698)",,Hoca Ahmet Yesevi cd.,302,226.0,40.0,0.0,0.0,tek,0.0,0.0,0.0,0.0,1,1,depo_baglanti,yuksek
"LINESTRING (27.1899869 38.3697981, 27.1899871 38.3698061, 27.1906633 38.3697984, 27.1918499 38.3698285, 27.1926043 38.3698296, 27.1930083 38.3698364, 27.193154 38.3698398, 27.1932836 38.3698895)",,Ahmet Pristina Blv.,333,380.0,297.0,0.0,0.0,tek,0.0,0.0,0.0,0.0,1,1,depo_baglanti,yuksek
"LINESTRING (27.1954149 38.3702872, 27.1954876 38.3702755, 27.1955513 38.370286, 27.1955711 38.3702923, 27.1956036 38.3703083, 27.1956345 38.3703338, 27.1956687 38.3703806, 27.1956729 38.3704439, 27.1956615 38.3704793, 27.19564 38.3705085, 27.1956172 38.3705301, 27.195564 38.3705649)",,Dogus cd.,220,221.0,51.0,0.0,0.0,tek,0.0,0.0,0.0,0.0,1,1,depo_baglanti,yuksek
"LINESTRING (27.195564 38.3705649, 27.1955399 38.3705659, 27.1955154 38.3705698, 27.1954899 38.3705698, 27.1954644 38.3705698, 27.1954158 38.3705593, 27.1953927 38.3705525, 27.1953645 38.3705341, 27.1953474 38.3705235, 27.1953317 38.3705096, 27.1953142 38.3704875, 27.1953047 38.3704635)",,Dogus cd.,221,222.0,28.0,0.0,0.0,tek,0.0,0.0,0.0,0.0,1,1,depo_baglanti,yuksek
"LINESTRING (27.195564 38.3705649, 27.195544 38.3706049, 27.1952275 38.3711452, 27.1950505 38.3715626, 27.1947562 38.3720151, 27.1944438 38.3724388, 27.1936847 38.373434, 27.1929856 38.3743413, 27.1926592 38.3747715, 27.1922784 38.375238, 27.19205 38.3754341, 27.1918222 38.3756953, 27.1916794 38.3758861, 27.191271 38.3761739, 27.1908459 38.3764511, 27.1902461 38.3768498, 27.1902125 38.3768701, 27.1901869 38.3769078, 27.1901571 38.3769419, 27.1900993 38.3769745, 27.1900475 38.3769886, 27.1900084 38.3769938)",,Dogus cd.,221,439.0,877.0,0.0,0.0,tek,0.0,0.0,0.0,0.0,1,1,depo_baglanti,yuksek
"LINESTRING (27.1881345 38.3699727, 27.1899871 38.3698061)",,Ahmet Pristina Blv.,334,333.0,163.0,0.0,0.0,tek,0.0,0.0,0.0,0.0,1,1,depo_baglanti,yuksek
"LINESTRING (27.1881757 38.368877, 27.1881345 38.3699727)",,1412. sk.,334,407.0,122.0,0.0,0.0,cift,0.0,0.0,0.0,0.0,1,1,depo_baglanti,orta
"LINESTRING (27.1881757 38.368877, 27.1897909 38.3687934)",,1403. sk.,407,438.0,141.0,0.0,0.0,cift,0.0,0.0,0.0,0.0,1,1,depo_baglanti,orta
"LINESTRING (27.1881757 38.368877, 27.1882209 38.3678127)",,1412. sk.,350,407.0,119.0,0.0,0.0,cift,0.0,0.0,0.0,0.0,1,1,depo_baglanti,orta
"LINESTRING (27.189235 38.3675666, 27.1896651 38.3680462)",,1409.sk.,351,408.0,65.0,0.0,0.0,cift,0.0,0.0,0.0,0.0,1,1,depo_baglanti,orta
"LINESTRING (27.1882209 38.3678127, 27.1886362 38.3678126, 27.188723 38.367791, 27.189235 38.3675666)",,1407.sk.,350,351.0,95.0,0.0,0.0,cift,0.0,0.0,0.0,0.0,1,1,depo_baglanti,orta
"LINESTRING (27.1853692 38.3698712, 27.1856395 38.369926, 27.186306 38.3700174, 27.1865109 38.3700343, 27.1871026 38.3700424)",,Ahmet Pristina Blv.,337,336.0,153.0,0.0,0.0,tek,0.0,0.0,0.0,0.0,1,1,depo_baglanti,yuksek
"LINESTRING (27.1828545 38.3667282, 27.1827409 38.3668737, 27.1826973 38.366972, 27.1826222 38.3672806, 27.1826117 38.3674928, 27.1825996 38.367557, 27.1825753 38.3676263)",,1412. sk.,200,252.0,104.0,0.0,0.0,cift,0.0,0.0,0.0,0.0,1,1,depo_baglanti,orta
"LINESTRING (27.1825753 38.3676263, 27.1832447 38.3676606, 27.1835749 38.3676875)",,1405.sk.,252,253.0,88.0,0.0,0.0,cift,0.0,0.0,0.0,0.0,1,1,depo_baglanti,orta
"LINESTRING (27.1835749 38.3676875, 27.1835352 38.3685473)",,1402.sk.,253,341.0,96.0,0.0,0.0,cift,0.0,0.0,0.0,0.0,1,1,depo_baglanti,orta
"LINESTRING (27.1835749 38.3676875, 27.1841114 38.3676887)",,1405.sk.,253,254.0,47.0,0.0,0.0,cift,0.0,0.0,0.0,0.0,1,1,depo_baglanti,orta
"LINESTRING (27.1853692 38.3698712, 27.1853734 38.3697715, 27.1854105 38.3694085, 27.1853911 38.3687866)",,1406. sk.,337,343.0,121.0,0.0,0.0,cift,0.0,0.0,0.0,0.0,1,1,depo_baglanti,orta
"LINESTRING (27.1853911 38.3687866, 27.1854527 38.3677292)",,1406. sk.,343,344.0,118.0,0.0,0.0,cift,0.0,0.0,0.0,0.0,1,1,depo_baglanti,orta
"LINESTRING (27.1841114 38.3676887, 27.1854527 38.3677292)",,1405. sk.,344,254.0,117.0,0.0,0.0,cift,0.0,0.0,0.0,0.0,1,1,depo_baglanti,orta
"LINESTRING (27.1821539 38.368054, 27.1824569 38.3677659, 27.1825753 38.3676263)",,1413 sk.,251,252.0,60.0,0.0,0.0,cift,0.0,0.0,0.0,0.0,1,1,depo_baglanti,orta
"LINESTRING (27.1801155 38.3664494, 27.1812279 38.3663616, 27.181878 38.3663359, 27.1821543 38.3663532, 27.1823374 38.3664032, 27.1824768 38.3664713, 27.1828545 38.3667282)",,200/70 sk.,200,0.0,253.0,0.0,0.0,cift,0.0,0.0,0.0,0.0,1,1,depo_baglanti,orta
"LINESTRING (27.1835355 38.3686804, 27.1840652 38.3687246, 27.1853911 38.3687866)",,1403. sk.,342,343.0,162.0,0.0,0.0,cift,0.0,0.0,0.0,0.0,1,1,depo_baglanti,orta
"LINESTRING (27.1853911 38.3687866, 27.1870466 38.3688768, 27.1872028 38.3688781)",,1403. sk.,343,403.0,158.0,0.0,0.0,cift,0.0,0.0,0.0,0.0,1,1,depo_baglanti,orta
"LINESTRING (27.1880545 38.3700672, 27.1895835 38.3699357, 27.18999 38.3699165)",,1401. sk.,332,247.0,170.0,0.0,0.0,tek,0.0,0.0,0.0,0.0,1,1,depo_baglanti,yuksek
"LINESTRING (27.182872 38.3695284, 27.1831536 38.3695326, 27.1832716 38.3695394, 27.1853692 38.3698712)",,Ahmet Pristina Blv.,338,337.0,319.0,0.0,0.0,tek,0.0,0.0,0.0,0.0,1,1,depo_baglanti,yuksek
"LINESTRING (27.1821539 38.368054, 27.1820262 38.3681455, 27.1819517 38.3681845, 27.1818597 38.3682213, 27.1817721 38.3684725, 27.18171 38.36861, 27.1816819 38.3687109, 27.1816618 38.3690274, 27.1816618 38.3692619, 27.1817198 38.3694325, 27.1817508 38.3695388, 27.181763 38.3696115)",,1413. sk.,250,251.0,190.0,0.0,0.0,cift,0.0,0.0,0.0,0.0,1,1,depo_baglanti,orta
"LINESTRING (27.1872105 38.3700447, 27.187251 38.3700439, 27.1881345 38.3699727)",,Ahmet Pristina Blv.,335,334.0,81.0,0.0,0.0,tek,0.0,0.0,0.0,0.0,1,1,depo_baglanti,yuksek
"LINESTRING (27.1871977 38.3701313, 27.1880545 38.3700672)",,Ahmet Pristina Blv.,247,248.0,75.0,0.0,0.0,tek,0.0,0.0,0.0,0.0,1,1,depo_baglanti,yuksek
"LINESTRING (27.1871977 38.3701313, 27.1872105 38.3700447)",,1408. sk.,335,248.0,10.0,0.0,0.0,tek,0.0,0.0,0.0,0.0,1,1,depo_baglanti,yuksek
"LINESTRING (27.1871026 38.3700424, 27.1872105 38.3700447)",,1401. sk.,336,335.0,9.0,0.0,0.0,tek,0.0,0.0,0.0,0.0,1,1,depo_baglanti,yuksek
"LINESTRING (27.1872732 38.3688782, 27.1881757 38.368877)",,1403. sk.,404,407.0,79.0,0.0,0.0,cift,0.0,0.0,0.0,0.0,1,1,depo_baglanti,orta
"LINESTRING (27.1872732 38.3688782, 27.1872476 38.3691622, 27.1872496 38.3695176, 27.1872105 38.3700447)",,1408. sk.,404,335.0,130.0,0.0,0.0,tek,0.0,0.0,0.0,0.0,1,1,depo_baglanti,orta
"LINESTRING (27.1872028 38.3688781, 27.1872732 38.3688782)",,1403. sk.,403,404.0,6.0,0.0,0.0,cift,0.0,0.0,0.0,0.0,1,1,depo_baglanti,orta
"LINESTRING (27.1871026 38.3700424, 27.1871381 38.3698517, 27.187181 38.36951, 27.187181 38.3691714, 27.1872028 38.3688781)",,1408. sk.,336,403.0,130.0,0.0,0.0,tek,0.0,0.0,0.0,0.0,1,1,depo_baglanti,orta
"LINESTRING (27.1854527 38.3677292, 27.1870712 38.3677853)",,1405. sk.,344,346.0,141.0,0.0,0.0,cift,0.0,0.0,0.0,0.0,1,1,depo_baglanti,orta
"LINESTRING (27.1870712 38.3677853, 27.1870717 38.3677604, 27.1870824 38.3677299, 27.1870978 38.3677023, 27.1871216 38.3676758, 27.1871471 38.3676576, 27.1871806 38.36764, 27.1872152 38.3676298, 27.1872497 38.3676241)",,1408. sk.,346,347.0,26.0,0.0,0.0,tek,0.0,0.0,0.0,0.0,1,1,depo_baglanti,orta
"LINESTRING (27.1872497 38.3676241, 27.1873245 38.3676283)",,1408. sk.,347,348.0,7.0,0.0,0.0,tek,0.0,0.0,0.0,0.0,1,1,depo_baglanti,orta
"LINESTRING (27.1873245 38.3676283, 27.1873931 38.3676557, 27.187422 38.3676743, 27.1874458 38.3676983, 27.1874608 38.3677251, 27.1874686 38.3677487, 27.1874741 38.36778)",,1408. sk.,348,349.0,23.0,0.0,0.0,tek,0.0,0.0,0.0,0.0,1,1,depo_baglanti,orta
"LINESTRING (27.1874741 38.36778, 27.1882209 38.3678127)",,1407. sk.,349,350.0,65.0,0.0,0.0,cift,0.0,0.0,0.0,0.0,1,1,depo_baglanti,orta
"LINESTRING (27.1870712 38.3677853, 27.1870771 38.3678188, 27.1871083 38.3678716, 27.1871566 38.3679068, 27.1872632 38.3679373)",,1408. sk.,405,346.0,26.0,0.0,0.0,tek,0.0,0.0,0.0,0.0,1,1,depo_baglanti,orta
"LINESTRING (27.1872632 38.3679373, 27.1873007 38.367936, 27.1873437 38.3679289)",,1408. sk.,406,405.0,7.0,0.0,0.0,tek,0.0,0.0,0.0,0.0,1,1,depo_baglanti,orta
"LINESTRING (27.1873437 38.3679289, 27.1874041 38.3679017, 27.1874316 38.3678801, 27.1874484 38.367857, 27.1874638 38.3678252, 27.1874741 38.36778)",,1408. sk.,349,406.0,21.0,0.0,0.0,tek,0.0,0.0,0.0,0.0,1,1,depo_baglanti,orta
"LINESTRING (27.1872632 38.3679373, 27.1872728 38.3682454, 27.1872028 38.3688781)",,1408. sk.,403,405.0,105.0,0.0,0.0,tek,0.0,0.0,0.0,0.0,1,1,depo_baglanti,orta
"LINESTRING (27.1872732 38.3688782, 27.1873184 38.3682481, 27.1873437 38.3679289)",,1408. sk.,406,404.0,106.0,0.0,0.0,tek,0.0,0.0,0.0,0.0,1,1,depo_baglanti,orta
"LINESTRING (27.1821539 38.368054, 27.1826281 38.3683349, 27.1828726 38.3684609, 27.1829332 38.3684797)",,1403. sk.,251,340.0,83.0,0.0,0.0,cift,0.0,0.0,0.0,0.0,1,1,depo_baglanti,orta
"LINESTRING (27.1829332 38.3684797, 27.1835352 38.3685473)",,1403. sk.,340,341.0,53.0,0.0,0.0,cift,0.0,0.0,0.0,0.0,1,1,depo_baglanti,orta
"LINESTRING (27.1829332 38.3684797, 27.1829417 38.3686884)",,1416. sk.,339,340.0,23.0,0.0,0.0,cift,0.0,0.0,0.0,0.0,1,1,depo_baglanti,orta
"LINESTRING (27.1829417 38.3686884, 27.1835355 38.3686804)",,1403. sk.,339,342.0,52.0,0.0,0.0,cift,0.0,0.0,0.0,0.0,1,1,depo_baglanti,orta
"LINESTRING (27.1835355 38.3686804, 27.183538 38.3686288, 27.1835352 38.3685473)",,1403. sk.,341,342.0,15.0,0.0,0.0,cift,0.0,0.0,0.0,0.0,1,1,depo_baglanti,orta
"LINESTRING (27.1828693 38.3695281, 27.1829417 38.3686884)",,1416. sk.,338,339.0,94.0,0.0,0.0,cift,0.0,0.0,0.0,0.0,1,1,depo_baglanti,orta
"LINESTRING (27.181763 38.3696115, 27.182872 38.3695284)",,1401. sk.,250,338.0,97.0,0.0,0.0,tek,0.0,0.0,0.0,0.0,1,1,depo_baglanti,yuksek
"LINESTRING (27.1871026 38.3700424, 27.1870867 38.3701333)",,1408. sk.,249,336.0,10.0,0.0,0.0,tek,0.0,0.0,0.0,0.0,1,1,depo_baglanti,yuksek
"LINESTRING (27.1870867 38.3701333, 27.1871977 38.3701313)",,Ahmet Pristina Blv.,248,249.0,10.0,0.0,0.0,tek,0.0,0.0,0.0,0.0,1,1,depo_baglanti,yuksek
"LINESTRING (27.1761943 38.3777201, 27.1762161 38.3776813, 27.1765325 38.3774757)",Çizgi 1,Hoca Ahmet Yesevi cd.,100,101.0,41.0,0.0,0.0,cift,0.0,0.0,0.0,0.0,1,1,ataturk,yuksek
"LINESTRING (27.1765325 38.3774757, 27.1766965 38.3773692, 27.1770781 38.3771484, 27.1772564 38.3770596, 27.1774951 38.376936, 27.177744 38.3767817)",Çizgi 3,Hoca Ahmet Yesevi cd.,101,102.0,131.0,700.0,3000.0,cift,1.0,7.0,0.0,0.0,1,1,ataturk,yuksek
"LINESTRING (27.177744 38.3767817, 27.1778614 38.3767112, 27.1780854 38.376585, 27.1785201 38.3763189)",Çizgi 4,Hoca Ahmet Yesevi cd.,102,105.0,85.0,0.0,6000.0,cift,0.0,0.0,0.0,0.0,1,1,ataturk,yuksek
"LINESTRING (27.1785201 38.3763189, 27.1788964 38.3761689)",Çizgi 5,Hoca Ahmet Yesevi cd.,105,108.0,37.0,0.0,0.0,cift,0.0,0.0,0.0,0.0,1,1,ataturk,yuksek
"LINESTRING (27.1800611 38.3759386, 27.1804686 38.3765792)",Çizgi 6,206/13,67,110.0,80.0,0.0,0.0,cift,0.0,0.0,0.0,0.0,1,0,ataturk,orta
"LINESTRING (27.1800611 38.3759386, 27.1805038 38.3758144, 27.1816214 38.3752626)",Çizgi 8,Hoca Ahmet Yesevi cd.,67,114.0,156.0,0.0,9000.0,cift,0.0,0.0,0.0,0.0,1,1,ataturk,yuksek
"LINESTRING (27.1816214 38.3752626, 27.1818694 38.375588, 27.1818728 38.3756804, 27.1818641 38.3757801, 27.18184 38.3759827)",Çizgi 11,202/37 sk.,113,114.0,86.0,0.0,0.0,cift,0.0,0.0,0.0,0.0,1,0,ataturk,dusuk
"LINESTRING (27.18184 38.3759827, 27.1818392 38.3761313, 27.1818281 38.3762098, 27.1818344 38.3762936, 27.1818222 38.376343, 27.1817968 38.3765017, 27.1816922 38.3767725)",Çizgi 12,202/37 sk.,181,113.0,90.0,2100.0,0.0,cift,1.0,2.0,0.0,0.0,1,0,ataturk,dusuk
"LINESTRING (27.1816922 38.3767725, 27.181548 38.3765731, 27.1814239 38.3763663, 27.1813365 38.3761975)",Çizgi 13,202/37 sk.,181,112.0,71.0,0.0,0.0,cift,0.0,0.0,0.0,0.0,1,0,ataturk,dusuk
"LINESTRING (27.1813365 38.3761975, 27.18184 38.3759827)",Çizgi 14,204/31 sk.,112,113.0,50.0,0.0,0.0,cift,1.0,6.0,0.0,0.0,1,0,ataturk,dusuk
"LINESTRING (27.1804686 38.3765792, 27.1813365 38.3761975)",Çizgi 15,204/31 sk.,110,112.0,87.0,1400.0,0.0,cift,1.0,3.0,0.0,0.0,1,0,ataturk,dusuk
"LINESTRING (27.1816998 38.3769268, 27.1816922 38.3767725)",Çizgi 16,202/37 sk.,180,181.0,17.0,0.0,0.0,cift,0.0,0.0,0.0,0.0,1,0,ataturk,dusuk
"LINESTRING (27.1804686 38.3765792, 27.1809965 38.3773302)",Çizgi 17,206/13 sk.,182,110.0,95.0,0.0,0.0,cift,0.0,0.0,0.0,0.0,1,0,ataturk,orta
"LINESTRING (27.1809965 38.3773302, 27.1804646 38.3775673)",Çizgi 18,204/27 sk.,182,183.0,53.0,1400.0,0.0,cift,1.0,4.0,0.0,0.0,1,0,ataturk,dusuk
"LINESTRING (27.1809965 38.3773302, 27.1813482 38.37719, 27.1814468 38.3771252, 27.1815028 38.377086, 27.1815401 38.3770563, 27.1815874 38.377015, 27.1816998 38.3769268)",Çizgi 19,204/27 sk.,180,182.0,77.0,0.0,0.0,cift,0.0,0.0,0.0,0.0,1,0,ataturk,dusuk
"LINESTRING (27.1804646 38.3775673, 27.1800052 38.3773718)",Çizgi 20,204/4 sk.,183,184.0,46.0,1400.0,0.0,cift,1.0,5.0,0.0,0.0,1,0,ataturk,dusuk
"LINESTRING (27.1800052 38.3773718, 27.1797891 38.3772825, 27.1796248 38.3771684, 27.1795959 38.377151, 27.179545 38.3770769, 27.1794967 38.377028, 27.1793781 38.3769545)",Çizgi 21,204/4 sk.,184,109.0,73.0,0.0,0.0,cift,0.0,0.0,0.0,0.0,1,0,ataturk,dusuk
"LINESTRING (27.1793781 38.3769545, 27.1797369 38.3768507, 27.1804686 38.3765792)",Çizgi 22,204/31 sk.,109,110.0,104.0,0.0,0.0,cift,0.0,0.0,0.0,0.0,1,0,ataturk,dusuk
"LINESTRING (27.1792328 38.3770029, 27.1793781 38.3769545)",Çizgi 23,204/31 sk.,107,109.0,14.0,0.0,0.0,cift,0.0,0.0,0.0,0.0,1,0,ataturk,dusuk
"LINESTRING (27.1792328 38.3770029, 27.1785201 38.3763189)",Çizgi 25,204/1 sk.,105,107.0,98.0,0.0,0.0,cift,0.0,0.0,0.0,0.0,1,0,ataturk,dusuk
"LINESTRING (27.1761943 38.3777201, 27.1762972 38.3777752, 27.1763317 38.3778065, 27.176375 38.3778693, 27.1765943 38.3782851, 27.1767121 38.3784888, 27.1768258 38.3786789)",,206 sk.,100,71.0,122.0,0.0,0.0,cift,0.0,0.0,0.0,0.0,1,1,ataturk,orta
"LINESTRING (27.1768258 38.3786789, 27.1770165 38.3789512, 27.1774452 38.3798368)",Çizgi 27,206 sk.,71,72.0,140.0,2800.0,0.0,cift,1.0,8.0,0.0,0.0,1,1,ataturk,orta
"LINESTRING (27.1774452 38.3798368, 27.1779029 38.3806187)",Çizgi 28,206. sk.,79,72.0,96.0,0.0,0.0,cift,0.0,0.0,0.0,0.0,1,1,ataturk,orta
"LINESTRING (27.1774469 38.3798347, 27.1775356 38.3798383, 27.1775878 38.3798296, 27.1777431 38.3797949, 27.177846 38.3797904, 27.1779436 38.3797886, 27.1783877 38.3798157, 27.1786176 38.3798411)",Çizgi 25,209/1 sk.,72,85.0,103.0,1400.0,0.0,cift,1.0,9.0,0.0,0.0,1,0,ataturk,dusuk
"LINESTRING (27.1786176 38.3798411, 27.1786747 38.3796097)",Çizgi 26,63/4. sk.,86,85.0,26.0,0.0,0.0,cift,0.0,0.0,0.0,0.0,1,0,ataturk,dusuk
"LINESTRING (27.1786747 38.3796097, 27.1787047 38.3794967)",Çizgi 27,63/4 sk.,86,87.0,13.0,0.0,0.0,cift,0.0,0.0,0.0,0.0,1,0,ataturk,dusuk
"LINESTRING (27.1787047 38.3794967, 27.1788148 38.3790395)",Çizgi 28,63/4 sk.,87,83.0,52.0,0.0,0.0,cift,0.0,0.0,0.0,0.0,1,0,ataturk,dusuk
"LINESTRING (27.1788148 38.3790395, 27.1788371 38.3789864, 27.1789915 38.3783436)",Çizgi 29,63/4 sk.,82,83.0,79.0,1400.0,0.0,cift,1.0,10.0,0.0,0.0,1,0,ataturk,dusuk
"LINESTRING (27.1776706 38.3780671, 27.1789915 38.3783436)",Çizgi 30,204/7 sk.,82,81.0,119.0,1400.0,0.0,cift,1.0,11.0,0.0,0.0,1,0,ataturk,dusuk
"LINESTRING (27.1778398 38.3788427, 27.1788148 38.3790395)",Çizgi 31,204/12 sk.,84,83.0,88.0,1400.0,0.0,cift,1.0,12.0,0.0,0.0,1,0,ataturk,dusuk
"LINESTRING (27.1778398 38.3788427, 27.1778096 38.3787268, 27.1776706 38.3780671)",Çizgi 32,63/3 sk.,81,84.0,88.0,0.0,0.0,cift,0.0,0.0,0.0,0.0,1,0,ataturk,dusuk
"LINESTRING (27.1776706 38.3780671, 27.1776148 38.3779384, 27.1775947 38.3778911, 27.1775625 38.3778291, 27.1774509 38.3774726)",Çizgi 33,206/12 sk.,81,103.0,69.0,0.0,0.0,cift,0.0,0.0,0.0,0.0,1,0,ataturk,dusuk
"LINESTRING (27.1778398 38.3788427, 27.1778297 38.3790756, 27.1779632 38.3791955, 27.1783359 38.3794567, 27.1784011 38.3794951, 27.1786747 38.3796097)",Çizgi 34,63/3 sk.,84,86.0,121.0,2100.0,0.0,cift,1.0,13.0,0.0,0.0,1,0,ataturk,dusuk
"LINESTRING (27.1787047 38.3794967, 27.1794692 38.379637, 27.1795724 38.3796528, 27.1796516 38.3796538, 27.1796972 38.3796318, 27.1798004 38.3796202, 27.1798862 38.3796244, 27.1800109 38.3796139, 27.1802108 38.3795413, 27.1803819 38.379518)",Çizgi 35,63/5 sk.,87,88.0,151.0,2100.0,0.0,cift,1.0,14.0,0.0,0.0,1,0,ataturk,dusuk
"LINESTRING (27.179744 38.3780486, 27.1802529 38.378153)",Çizgi 36,204 sk.,187,188.0,46.0,700.0,0.0,cift,0.0,0.0,0.0,0.0,1,0,ataturk,dusuk
"LINESTRING (27.1798673 38.3777075, 27.1800052 38.3773718)",Çizgi 37,204/15 sk.,184,185.0,39.0,0.0,0.0,cift,0.0,0.0,0.0,0.0,1,0,ataturk,dusuk
"LINESTRING (27.179744 38.3780486, 27.1798673 38.3777075)",Çizgi 38,204/15 sk.,185,188.0,39.0,0.0,0.0,cift,0.0,0.0,0.0,0.0,1,0,ataturk,dusuk
"LINESTRING (27.1798673 38.3777075, 27.1799437 38.3777294, 27.1800033 38.3777346, 27.1801831 38.3777156)",Çizgi 39,204/16 sk.,186,185.0,28.0,0.0,0.0,cift,0.0,0.0,0.0,0.0,1,0,ataturk,dusuk
"LINESTRING (27.1802529 38.378153, 27.1801831 38.3777156)",Çizgi 40,204/15 sk.,186,187.0,49.0,0.0,0.0,cift,0.0,0.0,0.0,0.0,1,0,ataturk,dusuk
"LINESTRING (27.1801831 38.3777156, 27.180294 38.3776587, 27.1804646 38.3775673)",Çizgi 41,204/16 sk.,183,186.0,30.0,0.0,0.0,cift,0.0,0.0,0.0,0.0,1,0,ataturk,dusuk
"LINESTRING (27.1802529 38.378153, 27.1806489 38.3782614, 27.180677 38.3784182)",Çizgi 42,204 sk.,187,188.0,54.0,0.0,0.0,cift,0.0,0.0,0.0,0.0,1,0,ataturk,dusuk
"LINESTRING (27.1805707 38.3787837, 27.1806476 38.3785396, 27.180677 38.3784182)",Çizgi 43,204/4 sk.,190,189.0,42.0,0.0,0.0,cift,0.0,0.0,0.0,0.0,1,0,ataturk,dusuk
"LINESTRING (27.1805707 38.3787837, 27.1811502 38.3788952)",Çizgi 44,204/8 sk.,190,191.0,52.0,700.0,0.0,cift,1.0,16.0,0.0,0.0,1,0,ataturk,dusuk
"LINESTRING (27.1803819 38.379518, 27.1804297 38.3793658)",Çizgi 45,207 sk.,88,192.0,17.0,2100.0,0.0,cift,1.0,18.0,0.0,0.0,1,0,ataturk,dusuk
"LINESTRING (27.1804297 38.3793658, 27.1804664 38.3791153, 27.1805707 38.3787837)",Çizgi 46,204/4 sk.,192,190.0,66.0,1400.0,0.0,cift,1.0,15.0,0.0,0.0,1,0,ataturk,dusuk
"LINESTRING (27.1804297 38.3793658, 27.1806806 38.3794027, 27.1811915 38.3794521, 27.1816242 38.3794596)",Çizgi 47,204/10 sk.,192,193.0,105.0,1400.0,0.0,cift,1.0,17.0,0.0,0.0,1,0,ataturk,dusuk
"LINESTRING (27.1821689 38.3804459, 27.1816242 38.3794596)",Çizgi 48,204/24 sk.,193,194.0,120.0,0.0,0.0,cift,0.0,0.0,0.0,0.0,1,0,ataturk,dusuk
"LINESTRING (27.1798941 38.3804101, 27.1802279 38.3802521, 27.1807113 38.3800543)",Çizgi 49,63/7 sk.,196,197.0,82.0,2100.0,0.0,cift,1.0,25.0,0.0,0.0,1,0,ataturk,dusuk
"LINESTRING (27.1807113 38.3800543, 27.1806461 38.3799445, 27.1805635 38.3798189, 27.1804768 38.3797007, 27.1803861 38.3795746, 27.1803746 38.3795565, 27.1803819 38.379518)",Çizgi 50,204/18 sk.,196,88.0,67.0,0.0,0.0,cift,0.0,0.0,0.0,0.0,1,0,ataturk,dusuk
"LINESTRING (27.1812373 38.3807717, 27.1811759 38.3807263, 27.1811356 38.3806905, 27.1811008 38.3806495, 27.1807113 38.3800543)",Çizgi 51,204/18 sk.,195,196.0,93.0,2100.0,0.0,cift,1.0,19.0,0.0,0.0,1,0,ataturk,dusuk
"LINESTRING (27.180563 38.3809485, 27.1798941 38.3804101)",Çizgi 52,63/1 sk.,197,198.0,84.0,0.0,0.0,cift,0.0,0.0,0.0,0.0,1,0,ataturk,dusuk
"LINESTRING (27.1798941 38.3804101, 27.1796162 38.3801708, 27.1794591 38.38007)",Çizgi 53,63/1 sk.,197,62.0,54.0,0.0,0.0,cift,0.0,0.0,0.0,0.0,1,0,ataturk,dusuk
"LINESTRING (27.1794591 38.3800711, 27.1792449 38.3801287, 27.179028 38.3802033)",Çizgi 54,207 sk.,62,76.0,40.0,2100.0,0.0,cift,1.0,24.0,0.0,0.0,1,0,ataturk,dusuk
"LINESTRING (27.1795341 38.3807134, 27.179028 38.3802022)",Çizgi 55,63/3 sk.,76,77.0,72.0,0.0,0.0,cift,0.0,0.0,0.0,0.0,1,0,ataturk,dusuk
"LINESTRING (27.1788964 38.3761689, 27.1793065 38.3760954, 27.1796766 38.3760134, 27.1800611 38.3759386)",Çizgi 56,Hoca Ahmet Yesevi cd.,67,108.0,105.0,0.0,0.0,cift,0.0,0.0,0.0,0.0,1,1,ataturk,yuksek
"LINESTRING (27.181445 38.3779457, 27.1813711 38.3778557, 27.1813362 38.3778136, 27.1809965 38.3773302)",Çizgi 57,204/17 sk.,61,182.0,79.0,0.0,0.0,cift,0.0,0.0,0.0,0.0,1,0,ataturk,orta
"LINESTRING (27.180677 38.3784182, 27.181445 38.3779457)",Çizgi 58,204/21 sk.,61,189.0,85.0,2100.0,0.0,cift,1.0,31.0,0.0,0.0,1,0,ataturk,dusuk
"LINESTRING (27.181445 38.3779457, 27.1817739 38.3777723, 27.1819476 38.3777771)",Çizgi 59,204/20 sk.,61,60.0,50.0,0.0,0.0,cift,0.0,0.0,0.0,0.0,1,0,ataturk,dusuk
"LINESTRING (27.1819476 38.3777771, 27.18194 38.3776121, 27.1816998 38.3769268)",Çizgi 60,202/37 sk.,60,180.0,97.0,0.0,0.0,cift,0.0,0.0,0.0,0.0,1,0,ataturk,dusuk
"LINESTRING (27.1795341 38.3807134, 27.1797774 38.3809414, 27.1799021 38.3810445, 27.1799356 38.3810771, 27.1799714 38.3811295)",Çizgi 61,63/3 sk.,70,77.0,60.0,0.0,0.0,cift,0.0,0.0,0.0,0.0,1,0,ataturk,dusuk
"LINESTRING (27.1799714 38.3811295, 27.180563 38.3809485)",Çizgi 62,63 sk.,70,198.0,55.0,0.0,0.0,tek,0.0,0.0,0.0,0.0,1,1,ataturk,yuksek
"LINESTRING (27.1799714 38.3811295, 27.1798135 38.3811923, 27.1797103 38.3812604)",Çizgi 63,63 sk.,69,70.0,27.0,0.0,6000.0,tek,0.0,0.0,0.0,0.0,1,1,ataturk,yuksek
"LINESTRING (27.180563 38.3809485, 27.1806801 38.3809701)",Çizgi 64,63 sk.,198,199.0,10.0,0.0,0.0,tek,0.0,0.0,0.0,0.0,1,1,ataturk,yuksek
"LINESTRING (27.178483 38.3815762, 27.178654 38.381539, 27.1797103 38.3812604)",Çizgi 66,63 sk.,68,69.0,113.0,0.0,0.0,cift,0.0,0.0,0.0,0.0,1,1,ataturk,yuksek
"LINESTRING (27.1806801 38.3809701, 27.1812373 38.3807717)",Çizgi 67,63 sk.,195,199.0,53.0,0.0,3000.0,cift,0.0,0.0,0.0,0.0,1,1,ataturk,yuksek
"LINESTRING (27.178483 38.3815762, 27.1782774 38.3813498, 27.1781204 38.3811073)",Çizgi 68,206 sk.,68,78.0,61.0,0.0,0.0,cift,0.0,0.0,0.0,0.0,1,1,ataturk,orta
"LINESTRING (27.1781204 38.3811073, 27.1780251 38.3808883, 27.1779029 38.3806187)",Çizgi 69,206 sk.,78,79.0,58.0,2800.0,0.0,cift,1.0,23.0,0.0,0.0,1,1,ataturk,orta
"LINESTRING (27.1774838 38.3818074, 27.1778778 38.3817109, 27.1783283 38.3816373, 27.178483 38.3815762)",Çizgi 70,63 sk.,55,68.0,91.0,0.0,0.0,cift,0.0,0.0,0.0,0.0,1,1,adatepe,yuksek
"LINESTRING (27.1763868 38.382065, 27.1766481 38.381998, 27.1768868 38.3819339, 27.1772757 38.3818655, 27.1774838 38.3818074)",Çizgi 71,63 sk.,54,55.0,100.0,0.0,0.0,cift,0.0,0.0,0.0,0.0,1,1,adatepe,yuksek
"LINESTRING (27.1763412 38.3821911, 27.1763699 38.3821702, 27.1763874 38.382155, 27.1763988 38.3821366, 27.1764028 38.3821177, 27.1763868 38.382065)",Çizgi 72,Kibris cd.,54,53.0,16.0,0.0,0.0,tek,0.0,0.0,0.0,0.0,1,0,adatepe,yuksek
"LINESTRING (27.1763412 38.3821911, 27.1764806 38.3823568, 27.1766119 38.3825268, 27.1766809 38.382644, 27.176699 38.3827612, 27.1769579 38.3831659, 27.1771121 38.3834424, 27.177261 38.3837245, 27.1773858 38.3839288, 27.177803 38.3844786, 27.1780015 38.3846573, 27.1786887 38.3851985, 27.1789656 38.3853864)",Çizgi 74,Kibris cd.,53,52.0,429.0,2800.0,0.0,cift,1.0,20.0,0.0,0.0,1,0,adatepe,yuksek
"LINESTRING (27.1789656 38.3853864, 27.1792782 38.38523, 27.1795102 38.3850597, 27.1807199 38.3840914, 27.1811218 38.3836929, 27.1814729 38.3832649, 27.1821494 38.3824341)",Çizgi 75,Erdem cd.,52,51.0,434.0,2100.0,0.0,cift,1.0,21.0,0.0,0.0,1,0,adatepe,yuksek
"LINESTRING (27.1804365 38.3810681, 27.1806801 38.3809701)",Çizgi 74,63 sk.,57,199.0,24.0,0.0,0.0,cift,0.0,0.0,0.0,0.0,1,0,ataturk,yuksek
"LINESTRING (27.18001 38.3811955, 27.1804365 38.3810681)",Çizgi 75,63 sk.,56,57.0,40.0,0.0,0.0,cift,0.0,0.0,0.0,0.0,1,1,ataturk,yuksek
"LINESTRING (27.1797103 38.3812604, 27.1798092 38.3812463, 27.18001 38.3811955)",Çizgi 76,63 sk.,69,56.0,27.0,0.0,0.0,cift,0.0,0.0,0.0,0.0,1,1,ataturk,yuksek
"LINESTRING (27.1821494 38.3824341, 27.181392 38.3818426, 27.181378 38.3818336, 27.1812901 38.3817758, 27.1811239 38.3816475, 27.1804365 38.3810681)",Çizgi 77,60 sk.,51,57.0,213.0,0.0,0.0,cift,0.0,0.0,0.0,0.0,1,0,adatepe,yuksek
"LINESTRING (27.1773231 38.3810503, 27.1773817 38.3809972, 27.1774662 38.3809215, 27.1775332 38.3808615, 27.1776351 38.3807859, 27.1777424 38.380728, 27.1779029 38.3806187)",Çizgi 78,207 sk.,79,75.0,70.0,1400.0,0.0,cift,1.0,22.0,0.0,0.0,1,0,ataturk,dusuk
"LINESTRING (27.1781204 38.3811073, 27.1785054 38.3810092, 27.1795341 38.3807134)",Çizgi 79,63/2 sk.,77,78.0,131.0,0.0,0.0,cift,0.0,0.0,0.0,0.0,1,0,ataturk,dusuk
"LINESTRING (27.1779029 38.3806187, 27.1781836 38.3804682, 27.1785149 38.3803609)",Çizgi 80,207 sk.,79,80.0,61.0,0.0,0.0,cift,0.0,0.0,0.0,0.0,1,0,ataturk,dusuk
"LINESTRING (27.1785149 38.3803609, 27.1786394 38.3803222, 27.179028 38.3802022)",Çizgi 82,207 sk.,80,76.0,48.0,0.0,0.0,cift,0.0,0.0,0.0,0.0,1,0,ataturk,dusuk
"LINESTRING (27.1785149 38.3803609, 27.178443 38.3802244, 27.1786176 38.3798411)",Çizgi 84,209/3 sk.,80,85.0,62.0,0.0,0.0,cift,0.0,0.0,0.0,0.0,1,0,ataturk,dusuk
"LINESTRING (27.1812373 38.3807717, 27.1813218 38.3807487, 27.1813405 38.3807422, 27.1816929 38.3806384, 27.182046 38.3804999, 27.1821689 38.3804459)",Çizgi 85,63 sk.,194,195.0,89.0,1400.0,0.0,cift,1.0,26.0,0.0,0.0,1,1,ataturk,yuksek
"LINESTRING (27.1821716 38.3804459, 27.1824743 38.3802955, 27.1826366 38.3802408, 27.1827935 38.3801631, 27.182874 38.3801284, 27.1830174 38.3800411, 27.1832146 38.3799065, 27.1835498 38.3796962, 27.1840405 38.3794268)",Çizgi 86,63 sk.,194,99.0,199.0,1400.0,0.0,cift,1.0,27.0,0.0,0.0,1,1,ataturk,yuksek
"LINESTRING (27.1840378 38.3794268, 27.1843258 38.3792984, 27.1843821 38.3792753, 27.1845832 38.3792332, 27.1852189 38.3791786, 27.1853799 38.3791491, 27.1855427 38.3791153)",Çizgi 87,63 sk.,98,99.0,138.0,0.0,3000.0,cift,0.0,0.0,0.0,0.0,1,1,ataturk,yuksek
"LINESTRING (27.1840378 38.3794268, 27.1836937 38.3789344, 27.1836743 38.3788997, 27.1836736 38.378865, 27.1836991 38.3788203, 27.1837407 38.3787819, 27.1843039 38.378516, 27.1846378 38.3783757, 27.184977 38.3782523)",Çizgi 88,204/10 sk.,89,99.0,205.0,5600.0,0.0,cift,1.0,28.0,0.0,0.0,1,0,ataturk,dusuk
"LINESTRING (27.1855427 38.3791153, 27.184977 38.3782523)",Çizgi 89,204/34 sk.,98,89.0,108.0,0.0,0.0,cift,0.0,0.0,0.0,0.0,1,0,ataturk,dusuk
"LINESTRING (27.184977 38.3782523, 27.1846412 38.3777365)",Çizgi 90,204/34 sk.,90,89.0,64.0,4200.0,0.0,cift,1.0,29.0,0.0,0.0,1,0,ataturk,dusuk
"LINESTRING (27.1846412 38.3777365, 27.1842617 38.3771462)",Çizgi 91,204/34 sk.,90,176.0,74.0,0.0,0.0,cift,0.0,0.0,0.0,0.0,1,0,ataturk,dusuk
"LINESTRING (27.1773231 38.3810503, 27.1768755 38.3807781)",Çizgi 93,214 sk.,74,75.0,49.0,0.0,0.0,cift,0.0,0.0,0.0,0.0,1,0,ataturk,dusuk
"LINESTRING (27.1768755 38.3807781, 27.1768891 38.3800305)",Çizgi 94,218 sk.,73,74.0,83.0,2100.0,0.0,cift,0.0,0.0,0.0,0.0,1,0,ataturk,dusuk
"LINESTRING (27.1768891 38.3800305, 27.1770091 38.3799914, 27.1774452 38.3798368)",Çizgi 95,209 sk.,72,73.0,53.0,0.0,0.0,cift,0.0,0.0,0.0,0.0,1,0,ataturk,dusuk
"LINESTRING (27.1768891 38.3800305, 27.1768258 38.3786789)",Çizgi 96,218 sk.,71,73.0,151.0,0.0,0.0,cift,0.0,0.0,0.0,0.0,1,0,ataturk,dusuk
"LINESTRING (27.1842617 38.3771462, 27.184582 38.3770062, 27.1846262 38.3769904, 27.1847842 38.376946)",Çizgi 95,202/14 sk.,175,176.0,51.0,0.0,0.0,cift,0.0,0.0,0.0,0.0,1,0,ataturk,dusuk
"LINESTRING (27.1847842 38.376946, 27.1853908 38.3767979)",Çizgi 96,202/14 sk.,175,91.0,55.0,0.0,0.0,cift,0.0,0.0,0.0,0.0,1,0,ataturk,dusuk
"LINESTRING (27.1816214 38.3752626, 27.1817831 38.3752117, 27.1819515 38.3751693)",Çizgi 97,Hoca Ahmet Yesevi cd.,114,116.0,31.0,0.0,0.0,cift,0.0,0.0,0.0,0.0,1,1,ataturk,yuksek
"LINESTRING (27.1819515 38.3751693, 27.182031 38.3751574, 27.1822368 38.3751253, 27.1824668 38.3750481, 27.1826901 38.3749619, 27.1829867 38.3748465)",Çizgi 98,Hoca Ahmet Yesevi cd.,116,66.0,98.0,0.0,0.0,cift,0.0,0.0,0.0,0.0,1,1,ataturk,yuksek
"LINESTRING (27.1834039 38.3754458, 27.1829867 38.3748465)",Çizgi 99,202/24 sk.,66,122.0,76.0,0.0,0.0,cift,0.0,0.0,0.0,0.0,1,0,ataturk,dusuk
"LINESTRING (27.1829867 38.3748465, 27.1832791 38.3747228)",Çizgi 100,Hoca Ahmet Yesevi cd.,66,64.0,29.0,0.0,0.0,cift,0.0,0.0,0.0,0.0,1,0,ataturk,yuksek
"LINESTRING (27.1832791 38.3747228, 27.1836504 38.3745702)",Çizgi 101,Hoca Ahmet Yesevi cd.,64,65.0,37.0,0.0,0.0,cift,0.0,0.0,0.0,0.0,1,1,ataturk,yuksek
"LINESTRING (27.1836504 38.3745702, 27.1842692 38.3743224, 27.1848933 38.3740515)",Çizgi 102,Hoca Ahmet Yesevi cd.,65,131.0,123.0,700.0,6000.0,cift,0.0,0.0,1.0,1.0,1,1,ataturk,yuksek
"LINESTRING (27.1850366 38.3743537, 27.1848933 38.3740515)",Çizgi 103,202/12 sk.,130,131.0,36.0,0.0,0.0,cift,0.0,0.0,0.0,0.0,1,1,ataturk,dusuk
"LINESTRING (27.1850767 38.3744254, 27.1850366 38.3743537)",Çizgi 104,202/12 sk.,129,130.0,9.0,0.0,0.0,cift,0.0,0.0,0.0,0.0,1,0,ataturk,dusuk
"LINESTRING (27.1852462 38.3747743, 27.1850767 38.3744254)",Çizgi 105,202/12 sk.,127,129.0,42.0,700.0,0.0,cift,0.0,0.0,1.0,22.0,1,0,ataturk,dusuk
"LINESTRING (27.1854135 38.3752243, 27.1852462 38.3747743)",Çizgi 106,202/12 sk.,125,127.0,52.0,0.0,0.0,cift,0.0,0.0,0.0,0.0,1,1,ataturk,dusuk
"LINESTRING (27.1854135 38.3752243, 27.18512 38.3752814, 27.185008 38.3753137, 27.1848705 38.3753518, 27.1845354 38.3755058)",Çizgi 107,202/53 sk.,171,125.0,83.0,3500.0,0.0,cift,0.0,0.0,1.0,26.0,1,0,ataturk,dusuk
"LINESTRING (27.1856382 38.3755833, 27.1854135 38.3752243)",Çizgi 108,202/12 sk.,125,168.0,45.0,0.0,0.0,cift,0.0,0.0,0.0,0.0,1,1,ataturk,dusuk
"LINESTRING (27.1838918 38.374894, 27.1836504 38.3745702)",Çizgi 109,202/22 sk.,126,65.0,42.0,0.0,0.0,cift,0.0,0.0,0.0,0.0,1,0,ataturk,dusuk
"LINESTRING (27.1838918 38.374894, 27.1850767 38.3744254)",Çizgi 110,202/38 sk.,126,129.0,116.0,0.0,0.0,cift,0.0,0.0,0.0,0.0,1,0,ataturk,dusuk
"LINESTRING (27.1841513 38.3751339, 27.1843107 38.3750964, 27.1852462 38.3747743)",Çizgi 111,202/40 sk.,124,127.0,104.0,0.0,0.0,cift,0.0,0.0,0.0,0.0,1,0,ataturk,dusuk
"LINESTRING (27.1824768 38.3758706, 27.1826728 38.3757988, 27.182901 38.3757081, 27.1832498 38.375529)",Çizgi 113,202/40 sk.,117,120.0,78.0,0.0,0.0,cift,0.0,0.0,0.0,0.0,1,0,ataturk,dusuk
"LINESTRING (27.1834564 38.3757996, 27.1832498 38.375529)",Çizgi 114,adsiz yol,119,120.0,35.0,0.0,0.0,cift,0.0,0.0,0.0,0.0,1,0,ataturk,dusuk
"LINESTRING (27.1834564 38.3757996, 27.1835174 38.3757832, 27.1838212 38.3756933)",Çizgi 115,202/53 sk.,119,121.0,34.0,0.0,0.0,cift,0.0,0.0,0.0,0.0,1,0,ataturk,dusuk
"LINESTRING (27.1832498 38.375529, 27.1834039 38.3754458)",Çizgi 116,202/40 sk.,120,122.0,16.0,2100.0,0.0,cift,0.0,0.0,1.0,24.0,1,0,ataturk,dusuk
"LINESTRING (27.1834039 38.3754458, 27.1837199 38.3753039)",Çizgi 117,202/40 sk.,122,123.0,32.0,0.0,0.0,cift,0.0,0.0,0.0,0.0,1,0,ataturk,dusuk
"LINESTRING (27.1837199 38.3753039, 27.1841513 38.3751339)",Çizgi 118,202/40 sk.,123,124.0,42.0,2800.0,0.0,cift,0.0,0.0,0.0,0.0,1,0,ataturk,dusuk
"LINESTRING (27.1837199 38.3753039, 27.1835865 38.3750916, 27.183441 38.374873, 27.1833574 38.3747558, 27.1832791 38.3747228)",Çizgi 119,202/23 sk.,123,64.0,76.0,0.0,0.0,cift,0.0,0.0,0.0,0.0,1,0,ataturk,dusuk
"LINESTRING (27.1845354 38.3755058, 27.1844351 38.3754064, 27.1843117 38.3752603, 27.1841513 38.3751339)",Çizgi 120,202/46 sk.,124,171.0,53.0,0.0,0.0,cift,0.0,0.0,0.0,0.0,1,0,ataturk,dusuk
"LINESTRING (27.1848313 38.3758886, 27.1845354 38.3755058)",Çizgi 121,202/46 sk.,170,171.0,50.0,0.0,0.0,cift,0.0,0.0,0.0,0.0,1,0,ataturk,dusuk
"LINESTRING (27.1848313 38.3758886, 27.1851522 38.3757815, 27.1852872 38.3757358, 27.1856382 38.3755833)",Çizgi 122,202/15 sk.,168,170.0,78.0,0.0,0.0,cift,0.0,0.0,0.0,0.0,1,0,ataturk,dusuk
"LINESTRING (27.1765325 38.3774757, 27.1765867 38.3774997, 27.1766243 38.377505, 27.1772197 38.3774587, 27.1773149 38.3774587, 27.1774509 38.3774726)",Çizgi 123,204/2 sk.,101,103.0,81.0,0.0,0.0,cift,0.0,0.0,0.0,0.0,1,0,ataturk,dusuk
"LINESTRING (27.1774509 38.3774726, 27.1780466 38.3773898)",Çizgi 125,204/2 sk.,103,104.0,53.0,1400.0,0.0,cift,0.0,0.0,0.0,0.0,1,0,ataturk,dusuk
"LINESTRING (27.1780466 38.3773898, 27.177744 38.3767817)",Çizgi 126,206/3 sk.,102,104.0,73.0,0.0,0.0,cift,0.0,0.0,0.0,0.0,1,0,ataturk,dusuk
"LINESTRING (27.1780466 38.3773898, 27.1783037 38.3773181)",Çizgi 127,204/31 sk.,104,106.0,24.0,0.0,0.0,cift,0.0,0.0,0.0,0.0,1,0,ataturk,dusuk
"LINESTRING (27.1783037 38.3773181, 27.1786403 38.3771531, 27.1789383 38.3770827, 27.1790892 38.3770494, 27.1791614 38.377028, 27.1792328 38.3770029)",,204/31 sk.,106,107.0,89.0,0.0,0.0,cift,0.0,0.0,0.0,0.0,1,0,ataturk,dusuk
"LINESTRING (27.1826687 38.3761425, 27.1824768 38.3758706)",Çizgi 129,202/28 sk.,117,118.0,35.0,0.0,0.0,cift,0.0,0.0,0.0,0.0,1,0,ataturk,dusuk
"LINESTRING (27.1826687 38.3761425, 27.1834564 38.3757996)",Çizgi 130,202/53 sk.,118,119.0,79.0,700.0,0.0,cift,0.0,0.0,1.0,23.0,1,0,ataturk,dusuk
"LINESTRING (27.1829877 38.3765396, 27.1826687 38.3761425)",Çizgi 131,202/28 sk.,179,118.0,52.0,0.0,0.0,cift,0.0,0.0,0.0,0.0,1,0,ataturk,dusuk
"LINESTRING (27.1831954 38.3768456, 27.1829877 38.3765396)",Çizgi 132,202/28 sk.,178,179.0,39.0,0.0,0.0,cift,0.0,0.0,0.0,0.0,1,0,ataturk,dusuk
"LINESTRING (27.1836374 38.3774307, 27.1834092 38.377144, 27.1831954 38.3768456)",Çizgi 133,202/28 sk.,177,178.0,76.0,0.0,0.0,cift,0.0,0.0,0.0,0.0,1,0,ataturk,dusuk
"LINESTRING (27.1836374 38.3774307, 27.1842617 38.3771462)",Çizgi 134,202/14 sk.,177,176.0,63.0,0.0,0.0,cift,0.0,0.0,0.0,0.0,1,0,ataturk,dusuk
"LINESTRING (27.1836459 38.3774277, 27.1833307 38.3775865, 27.1831376 38.3776559, 27.1829029 38.3777305, 27.1827205 38.3777568, 27.1825057 38.3777754, 27.1819476 38.3777771)",Çizgi 135,202/14 sk.,177,60.0,157.0,4200.0,0.0,cift,1.0,30.0,0.0,0.0,1,0,ataturk,dusuk
"LINESTRING (27.1848933 38.3740515, 27.1851031 38.3739326, 27.1856992 38.3735771)",Çizgi 136,Hoca Ahmet Yesevi cd.,131,134.0,88.0,0.0,6000.0,cift,0.0,0.0,0.0,0.0,1,1,ataturk,yuksek
"LINESTRING (27.1859505 38.3739166, 27.1856992 38.3735771)",Çizgi 137,202/10 sk.,133,134.0,44.0,0.0,0.0,cift,0.0,0.0,0.0,0.0,1,0,ataturk,dusuk
"LINESTRING (27.1856992 38.3735771, 27.1859902 38.373429, 27.1862993 38.3733118, 27.1864157 38.3732754)",Çizgi 138,Hoca Ahmet Yesevi cd.,134,136.0,71.0,0.0,0.0,cift,0.0,0.0,0.0,0.0,1,1,ataturk,yuksek
"LINESTRING (27.1850366 38.3743537, 27.185355 38.3742415, 27.1854764 38.3741884, 27.1856802 38.3740873)",Çizgi 139,202/9 sk.,130,132.0,64.0,0.0,0.0,cift,0.0,0.0,0.0,0.0,1,0,ataturk,dusuk
"LINESTRING (27.1856802 38.3740873, 27.1857271 38.3740306, 27.1858565 38.3739628, 27.1859505 38.3739166)",Çizgi 140,202/9 sk.,132,133.0,31.0,0.0,0.0,cift,0.0,0.0,0.0,0.0,1,0,ataturk,dusuk
"LINESTRING (27.1859505 38.3739166, 27.1865791 38.3735874)",Çizgi 141,202/9 sk.,133,135.0,66.0,0.0,0.0,cift,0.0,0.0,0.0,0.0,1,0,ataturk,dusuk
"LINESTRING (27.1865791 38.3735874, 27.1864157 38.3732754)",Çizgi 142,202/41 sk.,135,136.0,38.0,0.0,0.0,cift,0.0,0.0,0.0,0.0,1,0,ataturk,dusuk
"LINESTRING (27.1868923 38.374013, 27.186729 38.3738097, 27.1865791 38.3735874)",Çizgi 143,202/41 sk.,135,137.0,55.0,0.0,0.0,cift,0.0,0.0,0.0,0.0,1,0,ataturk,dusuk
"LINESTRING (27.1868923 38.374013, 27.1871884 38.3739506)",Çizgi 144,202/58 sk.,137,152.0,27.0,0.0,0.0,cift,0.0,0.0,0.0,0.0,1,0,ataturk,dusuk
"LINESTRING (27.1864157 38.3732754, 27.1866309 38.3732177, 27.1871787 38.3730318, 27.1879149 38.3727503)",Çizgi 145,Hoca Ahmet Yesevi cd.,63,136.0,143.0,0.0,3000.0,cift,0.0,0.0,0.0,0.0,1,1,ataturk,yuksek
"LINESTRING (27.18847 38.3734944, 27.1879149 38.3727503)",Çizgi 146,metin goktepe cd.,140,63.0,96.0,700.0,0.0,cift,0.0,0.0,1.0,3.0,1,1,ataturk,orta
"LINESTRING (27.1890305 38.3741321, 27.1887679 38.3738529)",Çizgi 148,metin goktepe cd.,142,143.0,39.0,1400.0,0.0,cift,0.0,0.0,1.0,4.0,1,1,ataturk,orta
"LINESTRING (27.1898396 38.3752942, 27.1895484 38.3748173, 27.1893842 38.3745671, 27.1893432 38.3745137, 27.1893176 38.3744844, 27.1890305 38.3741321)",Çizgi 149,metin goktepe cd.,143,145.0,148.0,4200.0,0.0,cift,0.0,0.0,1.0,5.0,1,1,ataturk,orta
"LINESTRING (27.1890955 38.3755596, 27.1894837 38.3754537, 27.1898396 38.3752942)",Çizgi 150,201 sk.,145,146.0,72.0,0.0,0.0,cift,0.0,0.0,0.0,0.0,1,0,ataturk,dusuk
"LINESTRING (27.1887332 38.3756622, 27.1888739 38.3756275, 27.1890955 38.3755596)",Çizgi 151,201 sk.,156,146.0,34.0,2800.0,0.0,cift,0.0,0.0,1.0,6.0,1,0,ataturk,dusuk
"LINESTRING (27.1882897 38.3758132, 27.1887332 38.3756622)",Çizgi 152,201 sk.,156,159.0,42.0,0.0,0.0,cift,0.0,0.0,0.0,0.0,1,0,ataturk,dusuk
"LINESTRING (27.1877063 38.376007, 27.1878635 38.3759545, 27.1882897 38.3758132)",Çizgi 153,201 sk.,159,160.0,55.0,4900.0,0.0,cift,0.0,0.0,1.0,7.0,1,0,ataturk,dusuk
"LINESTRING (27.1881195 38.3766158, 27.1880159 38.3764656, 27.1877063 38.376007)",Çizgi 154,202/42 sk.,92,160.0,77.0,1400.0,0.0,cift,1.0,32.0,0.0,0.0,1,0,ataturk,dusuk
"LINESTRING (27.1881195 38.3766158, 27.1879742 38.3766696, 27.1877496 38.3767274, 27.1877073 38.3767227, 27.1876604 38.3767032, 27.1876027 38.3766706, 27.187379 38.3765804)",Çizgi 155,202/51 sk.,163,92.0,71.0,0.0,0.0,cift,0.0,0.0,0.0,0.0,1,0,ataturk,dusuk
"LINESTRING (27.187379 38.3765804, 27.1874057 38.3764538, 27.187378 38.376365, 27.187221 38.3761458)",Çizgi 156,202/51 sk.,162,163.0,52.0,2100.0,0.0,cift,0.0,0.0,1.0,8.0,1,0,ataturk,dusuk
"LINESTRING (27.187221 38.3761458, 27.1876572 38.3760142, 27.1877063 38.376007)",Çizgi 157,202/14 sk.,160,162.0,45.0,0.0,0.0,cift,0.0,0.0,0.0,0.0,1,0,ataturk,dusuk
"LINESTRING (27.1886649 38.3773089, 27.1881195 38.3766158)",Çizgi 158,202/42 sk.,96,92.0,91.0,1400.0,0.0,cift,1.0,33.0,0.0,0.0,1,0,ataturk,dusuk
"LINESTRING (27.1865526 38.3746835, 27.1865237 38.3746381, 27.1864794 38.374601, 27.1856802 38.3740873)",Çizgi 159,202/49 sk.,132,153.0,101.0,0.0,0.0,cift,0.0,0.0,0.0,0.0,1,0,ataturk,dusuk
"LINESTRING (27.1874412 38.3742607, 27.1871884 38.3739506)",Çizgi 160,202/8 sk.,151,152.0,41.0,0.0,0.0,cift,0.0,0.0,0.0,0.0,1,0,ataturk,dusuk
"LINESTRING (27.1877726 38.3746604, 27.1874412 38.3742607)",Çizgi 161,202/6 sk.,150,151.0,53.0,0.0,0.0,cift,0.0,0.0,0.0,0.0,1,0,ataturk,dusuk
"LINESTRING (27.1865526 38.3746835, 27.1867792 38.3745275, 27.186808 38.3745107, 27.1874412 38.3742607)",Çizgi 162,202/59 sk.,151,153.0,91.0,0.0,0.0,cift,0.0,0.0,0.0,0.0,1,0,ataturk,dusuk
"LINESTRING (27.1880705 38.3750881, 27.1877726 38.3746604)",Çizgi 163,202/8 sk.,149,150.0,54.0,2100.0,0.0,cift,0.0,0.0,1.0,11.0,1,0,ataturk,dusuk
"LINESTRING (27.1880705 38.3750881, 27.188173 38.3750205, 27.1882728 38.3749497, 27.1884731 38.3748251)",Çizgi 164,201/8 sk,148,149.0,46.0,0.0,0.0,cift,0.0,0.0,0.0,0.0,1,0,ataturk,dusuk
"LINESTRING (27.1871874 38.3739501, 27.1872974 38.3738681, 27.1873346 38.3738334, 27.1873712 38.3737916, 27.1873987 38.3737427, 27.1874084 38.3737383, 27.1876 38.3737081)",Çizgi 165,202/58 sk.,152,139.0,48.0,2100.0,0.0,cift,0.0,0.0,1.0,14.0,1,0,ataturk,dusuk
"LINESTRING (27.1866434 38.3751654, 27.186622 38.3751223, 27.1866174 38.3750981, 27.1866077 38.3750303, 27.1866041 38.374967, 27.1865973 38.3748758, 27.186587 38.374777, 27.1865758 38.3747287, 27.1865526 38.3746835)",Çizgi 166,202/49 sk.,154,153.0,55.0,700.0,0.0,cift,0.0,0.0,1.0,15.0,1,0,ataturk,dusuk
"LINESTRING (27.1870047 38.3754155, 27.1868312 38.3753204, 27.1867118 38.3752237, 27.1866434 38.3751654)",Çizgi 167,202/60 sk.,58,154.0,42.0,0.0,0.0,cift,0.0,0.0,0.0,0.0,1,0,ataturk,dusuk
"LINESTRING (27.1874529 38.3756618, 27.1870047 38.3754155)",Çizgi 168,202/60 sk.,58,161.0,48.0,2100.0,0.0,cift,0.0,0.0,1.0,28.0,1,0,ataturk,dusuk
"LINESTRING (27.1877063 38.376007, 27.1874529 38.3756618)",Çizgi 169,202/60 sk.,160,161.0,44.0,0.0,0.0,cift,0.0,0.0,0.0,0.0,1,0,ataturk,dusuk
"LINESTRING (27.1874529 38.3756618, 27.1877184 38.3753969)",Çizgi 170,201/8 sk.,59,161.0,38.0,0.0,0.0,cift,0.0,0.0,0.0,0.0,1,0,ataturk,dusuk
"LINESTRING (27.1877184 38.3753969, 27.187815 38.3752921, 27.1878941 38.3752233, 27.1880705 38.3750881)",Çizgi 171,201/8 sk.,149,59.0,46.0,0.0,0.0,cift,0.0,0.0,0.0,0.0,1,0,ataturk,dusuk
"LINESTRING (27.188055 38.3755977, 27.1877184 38.3753969)",Çizgi 172,201/9 sk.,59,158.0,37.0,0.0,0.0,cift,0.0,0.0,0.0,0.0,1,0,ataturk,dusuk
"LINESTRING (27.188055 38.3755977, 27.1883098 38.3752973)",Çizgi 173,202/7 sk.,157,158.0,40.0,2100.0,0.0,cift,0.0,0.0,1.0,10.0,1,0,ataturk,dusuk
"LINESTRING (27.1883098 38.3752973, 27.1884935 38.3751346, 27.1886742 38.3750091)",Çizgi 174,202/7 sk.,157,147.0,45.0,0.0,0.0,cift,0.0,0.0,0.0,0.0,1,0,ataturk,dusuk
"LINESTRING (27.1887332 38.3756622, 27.1886556 38.3755537, 27.1885778 38.3754822, 27.1885121 38.3754296, 27.1883098 38.3752973)",Çizgi 175,201/6 sk.,156,157.0,55.0,0.0,0.0,cift,0.0,0.0,0.0,0.0,1,0,ataturk,dusuk
"LINESTRING (27.1890955 38.3755596, 27.1889963 38.3754107, 27.1889386 38.3753276, 27.1888185 38.3751626, 27.1887775 38.3751076, 27.1886742 38.3750091)",Çizgi 176,202/6 sk.,146,147.0,72.0,0.0,0.0,cift,0.0,0.0,0.0,0.0,1,0,ataturk,dusuk
"LINESTRING (27.1886742 38.3750091, 27.1886123 38.3749463, 27.1884731 38.3748251)",Çizgi 177,202/6 sk.,147,148.0,27.0,0.0,0.0,cift,0.0,0.0,0.0,0.0,1,0,ataturk,dusuk
"LINESTRING (27.1876 38.3737081, 27.1878734 38.3736541, 27.18847 38.3734944)",Çizgi 178,202/58 sk.,139,140.0,80.0,1400.0,0.0,cift,0.0,0.0,1.0,13.0,1,0,ataturk,dusuk
"LINESTRING (27.1879869 38.3743129, 27.187918 38.3742416, 27.1876 38.3737081)",Çizgi 179,202/6 sk.,139,141.0,76.0,1400.0,0.0,cift,0.0,0.0,1.0,12.0,1,0,ataturk,dusuk
"LINESTRING (27.1881403 38.3745161, 27.1879869 38.3743129)",Çizgi 180,202/6 sk.,141,144.0,26.0,0.0,0.0,cift,0.0,0.0,0.0,0.0,1,0,ataturk,dusuk
"LINESTRING (27.1877726 38.3746604, 27.1879538 38.3745714, 27.1881403 38.3745161)",Çizgi 181,202/5 sk.,144,150.0,36.0,0.0,0.0,cift,0.0,0.0,0.0,0.0,1,0,ataturk,dusuk
"LINESTRING (27.1879869 38.3743129, 27.1887679 38.3738529)",Çizgi 182,201/7 sk.,141,142.0,85.0,0.0,0.0,cift,0.0,0.0,0.0,0.0,1,0,ataturk,dusuk
"LINESTRING (27.1881403 38.3745161, 27.1890305 38.3741321)",Çizgi 183,202/5 sk.,143,144.0,89.0,0.0,0.0,cift,0.0,0.0,0.0,0.0,1,0,ataturk,dusuk
"LINESTRING (27.1884731 38.3748251, 27.1882013 38.3745393, 27.1881679 38.3745053, 27.1881403 38.3745161)",Çizgi 184,202/6 sk.,144,148.0,47.0,0.0,0.0,cift,0.0,0.0,0.0,0.0,1,0,ataturk,dusuk
"LINESTRING (27.1847842 38.376946, 27.1844672 38.3765331)",Çizgi 185,202/17 sk.,174,175.0,54.0,1400.0,0.0,cift,0.0,0.0,1.0,19.0,1,0,ataturk,dusuk
"LINESTRING (27.1844672 38.3765331, 27.1842645 38.3762931)",Çizgi 186,202/17 sk.,173,174.0,32.0,700.0,0.0,cift,0.0,0.0,1.0,20.0,1,0,ataturk,dusuk
"LINESTRING (27.1842645 38.3762931, 27.1841095 38.3760986)",Çizgi 187,202/17 sk.,172,173.0,26.0,0.0,0.0,cift,0.0,0.0,0.0,0.0,1,0,ataturk,dusuk
"LINESTRING (27.1841095 38.3760986, 27.18398 38.3759281, 27.1838212 38.3756933)",Çizgi 188,202/17 sk.,121,172.0,52.0,1400.0,0.0,cift,0.0,0.0,1.0,21.0,1,0,ataturk,dusuk
"LINESTRING (27.1838212 38.3756933, 27.1840766 38.3756285, 27.1845354 38.3755058)",Çizgi 189,202/53 sk.,121,171.0,66.0,700.0,0.0,cift,0.0,0.0,1.0,27.0,1,0,ataturk,dusuk
"LINESTRING (27.1841095 38.3760986, 27.1842795 38.3760304, 27.1848313 38.3758886)",Çizgi 190,202/15 sk.,170,172.0,67.0,700.0,0.0,cift,0.0,0.0,1.0,25.0,1,0,ataturk,dusuk
"LINESTRING (27.1851387 38.376284, 27.1849454 38.375969, 27.1848313 38.3758886)",Çizgi 191,202/46 sk.,169,170.0,52.0,0.0,0.0,cift,0.0,0.0,0.0,0.0,1,0,ataturk,dusuk
"LINESTRING (27.1858811 38.3760741, 27.1857943 38.3758481, 27.1857674 38.3757976, 27.1856382 38.3755833)",Çizgi 192,202/12 sk.,167,168.0,59.0,0.0,0.0,cift,0.0,0.0,0.0,0.0,1,1,ataturk,dusuk
"LINESTRING (27.1856382 38.3755833, 27.1860136 38.3754386, 27.1861978 38.3753617, 27.1864219 38.3752667, 27.186536 38.3752176, 27.1866434 38.3751654)",Çizgi 193,202/57 sk.,168,154.0,99.0,1400.0,0.0,cift,0.0,0.0,1.0,16.0,1,0,ataturk,dusuk
"LINESTRING (27.1859116 38.376138, 27.1858811 38.3760741)",Çizgi 194,202/12 sk.,166,167.0,8.0,0.0,0.0,cift,0.0,0.0,0.0,0.0,1,0,ataturk,dusuk
"LINESTRING (27.1861378 38.3766336, 27.1860849 38.3765711, 27.1859116 38.376138)",Çizgi 195,202/12 sk.,165,166.0,59.0,0.0,0.0,cift,0.0,0.0,0.0,0.0,1,1,ataturk,dusuk
"LINESTRING (27.1862753 38.3769242, 27.1861378 38.3766336)",Çizgi 196,202/12 sk.,164,165.0,35.0,2100.0,0.0,cift,0.0,0.0,1.0,9.0,1,1,ataturk,dusuk
"LINESTRING (27.187081 38.3781275, 27.1863595 38.3771071, 27.1862753 38.3769242)",Çizgi 197,202/12 sk.,97,164.0,152.0,0.0,0.0,cift,0.0,0.0,0.0,0.0,1,1,ataturk,dusuk
"LINESTRING (27.1862753 38.3769242, 27.1866389 38.3768166, 27.1870573 38.3766936, 27.1871673 38.3766694, 27.187379 38.3765804)",Çizgi 198,202/44 sk.,163,164.0,104.0,0.0,0.0,cift,0.0,0.0,0.0,0.0,1,0,ataturk,dusuk
"LINESTRING (27.1861378 38.3766336, 27.1864907 38.3765138, 27.187221 38.3761458)",Çizgi 199,202/14 sk.,162,165.0,109.0,0.0,0.0,cift,0.0,0.0,0.0,0.0,1,0,ataturk,dusuk
"LINESTRING (27.1859116 38.376138, 27.1860728 38.3760777, 27.1860969 38.3760703, 27.1862364 38.3760409, 27.1862769 38.3760217, 27.1864972 38.3758753, 27.1867554 38.3756761, 27.1870047 38.3754155)",Çizgi 200,202/13 sk.,58,166.0,128.0,700.0,0.0,cift,0.0,0.0,1.0,17.0,1,0,ataturk,dusuk
"LINESTRING (27.1882897 38.3758132, 27.188055 38.3755977)",Çizgi 201,201/9 sk.,158,159.0,32.0,0.0,0.0,cift,0.0,0.0,0.0,0.0,1,0,ataturk,dusuk
"LINESTRING (27.1905442 38.3764268, 27.1898396 38.3752942)",Çizgi 202,metin goktepe cd.,93,145.0,140.0,0.0,0.0,cift,0.0,0.0,0.0,0.0,1,1,ataturk,orta
"LINESTRING (27.1838918 38.374894, 27.184094 38.3751575, 27.1841513 38.3751339)",Çizgi 203,202/40 sk.,124,126.0,40.0,0.0,0.0,cift,0.0,0.0,0.0,0.0,1,0,ataturk,dusuk
"LINESTRING (27.187081 38.3781275, 27.1879362 38.377643, 27.1880019 38.3776041, 27.1886649 38.3773089)",Çizgi 205,Dogus cd.,97,96.0,166.0,0.0,0.0,tek,0.0,0.0,0.0,0.0,1,1,ataturk,yuksek
"LINESTRING (27.1855427 38.3791153, 27.185735 38.3791159, 27.1863892 38.3785954, 27.1867298 38.3783468, 27.186778 38.3783072, 27.1869067 38.3782235, 27.187081 38.3781275)",Çizgi 206,Dogus cd.,98,97.0,178.0,700.0,0.0,tek,0.0,0.0,0.0,0.0,1,1,ataturk,yuksek
"LINESTRING (27.1853908 38.3767979, 27.1861378 38.3766336)",Çizgi 207,202/14 sk.,91,165.0,68.0,0.0,0.0,cift,0.0,0.0,0.0,0.0,1,0,ataturk,dusuk
"LINESTRING (27.1853908 38.3767979, 27.1851387 38.376284)",Çizgi 208,202/46 sk.,91,169.0,61.0,0.0,0.0,cift,0.0,0.0,0.0,0.0,1,0,ataturk,dusuk
"LINESTRING (27.1844672 38.3765331, 27.1851387 38.376284)",Çizgi 209,202/16 sk.,174,169.0,65.0,700.0,0.0,cift,0.0,0.0,1.0,18.0,1,0,ataturk,dusuk
"LINESTRING (27.1851387 38.376284, 27.1858811 38.3760741)",Çizgi 210,202/16 sk.,167,169.0,69.0,1400.0,0.0,cift,0.0,0.0,1.0,17.0,1,0,ataturk,dusuk
"LINESTRING (27.1831954 38.3768456, 27.1837359 38.3766013, 27.1840083 38.3764556, 27.1842645 38.3762931)",Çizgi 213,202/34 sk.,178,173.0,112.0,0.0,0.0,cift,0.0,0.0,0.0,0.0,1,0,ataturk,dusuk
"LINESTRING (27.179744 38.3780486, 27.1790125 38.3779049, 27.1782825 38.3777388, 27.1782522 38.3777198, 27.178235 38.3776895, 27.1783037 38.3773181)",Çizgi 214,204 sk.,188,106.0,181.0,0.0,0.0,cift,0.0,0.0,0.0,0.0,1,0,ataturk,dusuk
"LINESTRING (27.1816998 38.3769268, 27.181764 38.3769082, 27.1822066 38.3769187, 27.1823661 38.376863, 27.1824064 38.3768441, 27.1825512 38.3767526, 27.1829877 38.3765396)",Çizgi 215,202/33 sk.,180,179.0,125.0,0.0,0.0,cift,0.0,0.0,0.0,0.0,1,0,ataturk,dusuk
"LINESTRING (27.18184 38.3759827, 27.1823706 38.375736)",Çizgi 217,202/30 sk.,113,115.0,54.0,0.0,0.0,cift,0.0,0.0,0.0,0.0,1,0,ataturk,dusuk
"LINESTRING (27.1824768 38.3758706, 27.1823706 38.375736)",Çizgi 218,202/28 sk.,115,117.0,18.0,0.0,0.0,cift,0.0,0.0,0.0,0.0,1,0,ataturk,dusuk
"LINESTRING (27.1823706 38.375736, 27.1819515 38.3751693)",Çizgi 219,202/28 sk.,115,116.0,73.0,0.0,0.0,cift,0.0,0.0,0.0,0.0,1,0,ataturk,dusuk
"LINESTRING (27.1885897 38.3736471, 27.1885255 38.3735652, 27.18847 38.3734944)",Çizgi 213,metin goktepe cd.,140,155.0,20.0,0.0,0.0,cift,0.0,0.0,0.0,0.0,1,1,ataturk,orta
"LINESTRING (27.1885897 38.3736471, 27.1887679 38.3738529)",Çizgi 214,metin goktepe cd.,142,155.0,28.0,0.0,0.0,cift,0.0,0.0,0.0,0.0,1,1,ataturk,orta
"LINESTRING (27.1886649 38.3773089, 27.1897965 38.3768046)",Çizgi 214,Dogus cd.,96,95.0,114.0,0.0,3000.0,tek,0.0,0.0,0.0,0.0,1,1,ataturk,yuksek
"LINESTRING (27.1897965 38.3768046, 27.1898597 38.3767239, 27.1899125 38.3766854, 27.1899902 38.3766671, 27.190072 38.3766752)",Çizgi 215,Dogus cd.,95,94.0,31.0,0.0,0.0,tek,0.0,0.0,0.0,0.0,1,1,ataturk,yuksek
"LINESTRING (27.190072 38.3766752, 27.1905442 38.3764268)",Çizgi 216,Dogus cd.,94,93.0,50.0,0.0,3000.0,tek,0.0,0.0,0.0,0.0,1,1,ataturk,yuksek
"LINESTRING (27.1736255 38.374452, 27.1739004 38.3750668, 27.1740479 38.3754337, 27.1742277 38.3757964, 27.1748607 38.3766186, 27.1752476 38.3771545, 27.1757471 38.3776189)",Çizgi 1,220 sk.,50,49.0,402.0,7000.0,0.0,cift,1.0,1.0,0.0,0.0,1,0,camlikule,yuksek
"LINESTRING (27.1757471 38.3776231, 27.1759144 38.3777799, 27.1759606 38.3777935, 27.1760095 38.3777986, 27.1760792 38.3777752, 27.1761943 38.3777201)",Çizgi 218,220 sk.,49,100.0,50.0,0.0,0.0,tek,0.0,0.0,0.0,0.0,1,0,camlikule,yuksek
"LINESTRING (27.1786115 38.3702573, 27.1787054 38.3701649, 27.1787322 38.3701381, 27.1787416 38.3700756, 27.1787899 38.3697643, 27.178865 38.3694825, 27.1790312 38.3688096, 27.1793907 38.3679853, 27.1796535 38.367388, 27.18011 38.36644)",Çizgi 466,206/5 sk.,46,0.0,447.0,0.0,0.0,cift,0.0,0.0,0.0,0.0,1,1,depo_baglanti,yuksek
"LINESTRING (27.1786115 38.3702573, 27.1787131 38.3701648, 27.1787328 38.3701473, 27.1788203 38.3701361, 27.1789303 38.3701186, 27.1791752 38.370081, 27.1793981 38.3700504, 27.1796438 38.3699555, 27.1798724 38.3699172, 27.1800179 38.3698893, 27.1812987 38.3696885, 27.181763 38.3696115)",Çizgi 468,1401 sk.,46,250.0,288.0,0.0,0.0,tek,0.0,0.0,0.0,0.0,1,1,depo_baglanti,yuksek
"LINESTRING (27.1782188 38.3727672, 27.1782613 38.3718972, 27.1782774 38.3716764, 27.1783176 38.3714514, 27.1784525 38.3708543, 27.1785105 38.3705537, 27.1786115 38.3702573)",Çizgi 469,206/5 sk.,46,47.0,282.0,0.0,0.0,cift,0.0,0.0,0.0,0.0,1,1,depo_baglanti,yuksek
"LINESTRING (27.1782188 38.3727672, 27.1798443 38.3725061, 27.1814644 38.3722786)",Çizgi 470,242/16 sk.,47,44.0,288.0,0.0,0.0,cift,0.0,0.0,0.0,0.0,1,1,depo_baglanti,orta
"LINESTRING (27.1781992 38.3736308, 27.1782188 38.3727672)",Çizgi 471,206/5 sk.,47,48.0,96.0,0.0,0.0,cift,0.0,0.0,0.0,0.0,1,1,depo_baglanti,yuksek
"LINESTRING (27.1736255 38.3744562, 27.1736688 38.3744173, 27.1739481 38.3743111, 27.1743243 38.3741955, 27.1750392 38.3739811, 27.1750767 38.3740946, 27.1758708 38.373904, 27.1762624 38.3738192, 27.1766541 38.3737512, 27.1781992 38.3736308)",Çizgi 472,242/1 sk.,48,50.0,426.0,0.0,0.0,cift,0.0,0.0,0.0,0.0,1,1,depo_baglanti,orta
"LINESTRING (27.1769799 38.3762664, 27.1773494 38.3758234, 27.1777511 38.3754014, 27.1780086 38.374964, 27.1781722 38.3744257, 27.1781992 38.3736308)",Çizgi 473,206/5 sk.,48,45.0,321.0,0.0,0.0,cift,0.0,0.0,0.0,0.0,1,1,depo_baglanti,yuksek
"LINESTRING (27.1769799 38.3762664, 27.1770975 38.376307, 27.1772097 38.3763645, 27.1774233 38.3764836, 27.1778346 38.3767217, 27.177744 38.3767817)",Çizgi 474,206/3 sk.,45,102.0,101.0,0.0,0.0,cift,0.0,0.0,0.0,0.0,1,0,depo_baglanti,dusuk
"LINESTRING (27.1761943 38.3777201, 27.1762969 38.3773149, 27.1765275 38.3768775, 27.1768119 38.3765537, 27.1769084 38.3764318, 27.1768494 38.3764086, 27.1769799 38.3762664)",Çizgi 475,206/5 sk.,45,100.0,184.0,0.0,0.0,cift,0.0,0.0,0.0,0.0,1,1,depo_baglanti,yuksek
"LINESTRING (27.1848933 38.3740515, 27.1841742 38.3725002)",Çizgi 477,206/38 sk.,131,43.0,184.0,0.0,0.0,cift,0.0,0.0,0.0,0.0,1,1,depo_baglanti,orta
"LINESTRING (27.1814644 38.3722786, 27.1839791 38.3718576)",Çizgi 479,242/16 sk.,42,44.0,224.0,0.0,0.0,cift,0.0,0.0,0.0,0.0,1,1,depo_baglanti,orta
"LINESTRING (27.1841742 38.3725002, 27.1839791 38.3718576)",Çizgi 480,206/38 sk.,43,42.0,74.0,0.0,0.0,cift,0.0,0.0,0.0,0.0,1,1,depo_baglanti,orta
"LINESTRING (27.1819515 38.3751693, 27.1818897 38.3751292, 27.181742 38.3747023, 27.1815916 38.37421, 27.1814602 38.3735161, 27.1814119 38.3728305, 27.1814448 38.3725482, 27.1814644 38.3722828)",Çizgi 481,206/40 sk.,116,44.0,328.0,0.0,0.0,cift,0.0,0.0,0.0,0.0,1,1,depo_baglanti,orta
"LINESTRING (27.1839791 38.3718576, 27.1839644 38.3717095)",Çizgi 487,206/38 sk.,42,39.0,17.0,0.0,0.0,cift,0.0,0.0,0.0,0.0,1,1,depo_baglanti,orta
"LINESTRING (27.1929382 38.3718764, 27.1930836 38.3722019)",,205 sk.,304,387.0,38.0,0.0,0.0,cift,0.0,0.0,0.0,0.0,1,1,depo_baglanti,dusuk
"LINESTRING (27.1839644 38.3717095, 27.1847848 38.3715844, 27.1856159 38.371476, 27.1872888 38.3712761)",Çizgi 484,206/66 sk.,38,39.0,294.0,0.0,0.0,cift,0.0,0.0,0.0,0.0,1,1,depo_baglanti,orta
"LINESTRING (27.1875887 38.3716946, 27.1875166 38.3715793, 27.1874714 38.3715207, 27.1873492 38.3714016, 27.1872888 38.3712761)",Çizgi 485,206/50 sk.,38,243.0,54.0,0.0,0.0,cift,0.0,0.0,0.0,0.0,1,1,depo_baglanti,dusuk
"LINESTRING (27.1880015 38.370898, 27.1883022 38.3708236)",,206/55 sk.,245,246.0,28.0,0.0,0.0,cift,0.0,0.0,0.0,0.0,1,1,depo_baglanti,dusuk
"LINESTRING (27.1883022 38.3708236, 27.1883487 38.3709165)",,203/40 sk.,246,329.0,11.0,0.0,0.0,cift,0.0,0.0,0.0,0.0,1,1,depo_baglanti,dusuk
"LINESTRING (27.1880545 38.3700672, 27.1880797 38.3702481, 27.1883022 38.3708236)",,203/40 sk.,246,247.0,87.0,0.0,0.0,cift,0.0,0.0,0.0,0.0,1,1,depo_baglanti,dusuk
"LINESTRING (27.1883487 38.3709165, 27.1885429 38.3714498)",,203/40 sk.,325,329.0,62.0,0.0,0.0,cift,0.0,0.0,0.0,0.0,1,1,depo_baglanti,dusuk
"LINESTRING (27.1900003 38.3707055, 27.18999 38.3699165)",,203/42 sk.,331,332.0,88.0,0.0,0.0,cift,0.0,0.0,0.0,0.0,1,1,depo_baglanti,yuksek
"LINESTRING (27.1885429 38.3714498, 27.1886933 38.3717971, 27.1887105 38.3718229, 27.1887255 38.3718366, 27.188739 38.3718419, 27.1887544 38.3718447, 27.1887738 38.3718434, 27.1891799 38.3717387, 27.1893497 38.3716901)",,203/40 sk.,324,325.0,104.0,0.0,0.0,cift,0.0,0.0,0.0,0.0,1,1,depo_baglanti,dusuk
"LINESTRING (27.1893497 38.3716901, 27.1898017 38.3715976)",,203/40 sk.,323,324.0,41.0,0.0,0.0,cift,0.0,0.0,0.0,0.0,1,1,depo_baglanti,dusuk
"LINESTRING (27.1916028 38.3721771, 27.1916209 38.371862)",,203/37 sk.,390,391.0,35.0,0.0,0.0,cift,0.0,0.0,0.0,0.0,1,1,depo_baglanti,dusuk
"LINESTRING (27.1877363 38.3723453, 27.18791 38.37275)",,206/50 sk.,63,241.0,48.0,0.0,0.0,cift,0.0,0.0,0.0,0.0,1,1,depo_baglanti,dusuk
"LINESTRING (27.1876637 38.3719601, 27.1876604 38.3720423, 27.1877363 38.3723453)",,206/50 sk.,241,242.0,44.0,0.0,0.0,cift,0.0,0.0,0.0,0.0,1,1,depo_baglanti,dusuk
"LINESTRING (27.1841742 38.3725002, 27.1845216 38.3724386, 27.1848892 38.3723874, 27.1862303 38.3722381, 27.1875714 38.3720636, 27.1876604 38.3720423, 27.1876637 38.3719601)",Çizgi 478,206/37 sk.,43,242.0,318.0,0.0,0.0,cift,0.0,0.0,0.0,0.0,1,1,depo_baglanti,orta
"LINESTRING (27.1875887 38.3716946, 27.1876637 38.3719601)",,206/50 sk.,242,243.0,30.0,0.0,0.0,cift,0.0,0.0,0.0,0.0,1,1,depo_baglanti,dusuk
"LINESTRING (27.1877363 38.3723453, 27.1883294 38.3721921, 27.1885311 38.3721526)",,203/36 sk.,240,241.0,73.0,0.0,0.0,cift,0.0,0.0,0.0,0.0,1,1,depo_baglanti,dusuk
"LINESTRING (27.1904724 38.3724412, 27.190419 38.3719497)",,203/39 sk.,319,320.0,55.0,0.0,0.0,cift,0.0,0.0,0.0,0.0,1,1,depo_baglanti,dusuk
"LINESTRING (27.1885311 38.3721526, 27.1888286 38.3721456, 27.1901273 38.371978)",,203/38 sk.,240,321.0,141.0,0.0,0.0,cift,0.0,0.0,0.0,0.0,1,1,depo_baglanti,dusuk
"LINESTRING (27.1901273 38.371978, 27.190419 38.3719497)",,203/38 sk.,320,321.0,26.0,0.0,0.0,cift,0.0,0.0,0.0,0.0,1,1,depo_baglanti,dusuk
"LINESTRING (27.190419 38.3719497, 27.1910668 38.3718872)",,203/38 sk.,320,430.0,57.0,0.0,0.0,cift,0.0,0.0,0.0,0.0,1,1,depo_baglanti,dusuk
"LINESTRING (27.1911572 38.3722752, 27.1910668 38.3718872)",sk.,adsiz yol,392,430.0,44.0,0.0,0.0,cift,0.0,0.0,0.0,0.0,1,1,depo_baglanti,dusuk
"LINESTRING (27.1910668 38.3718872, 27.1916209 38.371862)",,203/38 sk.,430,390.0,48.0,0.0,0.0,cift,0.0,0.0,0.0,0.0,1,1,depo_baglanti,dusuk
"LINESTRING (27.1916209 38.371862, 27.1916525 38.3716274)",,203/37 sk.,389,390.0,26.0,0.0,0.0,cift,0.0,0.0,0.0,0.0,1,1,depo_baglanti,dusuk
"LINESTRING (27.190119 38.3717152, 27.1901273 38.371978)",,203/40 sk.,321,322.0,29.0,0.0,0.0,cift,0.0,0.0,0.0,0.0,1,1,depo_baglanti,dusuk
"LINESTRING (27.1893246 38.3706944, 27.1900003 38.3707055)",,203/28 sk.,330,331.0,59.0,0.0,0.0,cift,0.0,0.0,0.0,0.0,1,1,depo_baglanti,dusuk
"LINESTRING (27.1893497 38.3716901, 27.1892797 38.3714154, 27.1892569 38.3711583, 27.1893246 38.3706944)",,,324,330.0,112.0,0.0,0.0,cift,0.0,0.0,0.0,0.0,1,1,depo_baglanti,dusuk
"LINESTRING (27.1883487 38.3709165, 27.1887546 38.3708065, 27.1888458 38.3707713, 27.188941 38.370751, 27.1893246 38.3706944)",,203/28 sk.,329,330.0,89.0,0.0,0.0,cift,0.0,0.0,0.0,0.0,1,1,depo_baglanti,dusuk
"LINESTRING (27.1898017 38.3715976, 27.1898569 38.371656, 27.18992 38.3716985, 27.1899421 38.3717038, 27.190119 38.3717152)",,205/1 sk.,322,323.0,33.0,0.0,0.0,cift,0.0,0.0,0.0,0.0,1,1,depo_baglanti,dusuk
"LINESTRING (27.1870867 38.3701333, 27.1866353 38.3701081, 27.1857716 38.3700239, 27.1848489 38.3698852, 27.1839821 38.3697505)",Çizgi 490,Ahmet Pristina Blv.,249,41.0,275.0,0.0,0.0,tek,0.0,0.0,0.0,0.0,1,1,depo_baglanti,yuksek
"LINESTRING (27.1839644 38.3717095, 27.1839513 38.3714913, 27.183962 38.3711969, 27.183962 38.3710244, 27.1839835 38.3707721, 27.1840156 38.3704693, 27.1839821 38.3697505)",Çizgi 491,206/38 sk.,39,41.0,218.0,0.0,0.0,cift,0.0,0.0,0.0,0.0,1,1,depo_baglanti,orta
"LINESTRING (27.1839821 38.3697505, 27.1833619 38.3696211, 27.1830427 38.3695864, 27.1827303 38.3695979, 27.1815788 38.3697294)",Çizgi 492,Ahmet Pristina Blv.,41,40.0,213.0,0.0,0.0,tek,0.0,0.0,0.0,0.0,1,1,depo_baglanti,yuksek
"LINESTRING (27.1815788 38.3697294, 27.1796817 38.3700432, 27.1794496 38.3700616, 27.1791881 38.3700926, 27.1789689 38.3701294, 27.1787415 38.3701609, 27.1786115 38.3702573)",Çizgi 493,Ahmet Pristina Blv.,40,46.0,268.0,0.0,0.0,tek,0.0,0.0,0.0,0.0,1,1,depo_baglanti,yuksek
"LINESTRING (27.1814644 38.3722786, 27.181467 38.3716103, 27.1814617 38.3714021, 27.181458 38.3713246, 27.1815026 38.3711798, 27.1815341 38.3709574, 27.1815529 38.3705478, 27.1815569 38.3704303, 27.1815797 38.3703086, 27.1816034 38.3700211, 27.1815965 38.3698585, 27.1815788 38.3697294)",Çizgi 494,206/40 sk.,44,40.0,285.0,0.0,0.0,cift,0.0,0.0,0.0,0.0,1,1,depo_baglanti,dusuk
"LINESTRING (27.1886211 38.3726431, 27.1885311 38.3721526)",,206/54 sk.,239,240.0,55.0,0.0,0.0,cift,0.0,0.0,0.0,0.0,1,1,depo_baglanti,dusuk
"LINESTRING (27.1883799 38.3717866, 27.1884464 38.3718799, 27.1885311 38.3721526)",,206/54 sk.,240,326.0,43.0,0.0,0.0,cift,0.0,0.0,0.0,0.0,1,1,depo_baglanti,dusuk
"LINESTRING (27.1876637 38.3719601, 27.1883799 38.3717866)",,206/51 sk.,242,326.0,65.0,0.0,0.0,cift,0.0,0.0,0.0,0.0,1,1,depo_baglanti,dusuk
"LINESTRING (27.1882763 38.3715437, 27.1883799 38.3717866)",,206/54 sk.,326,327.0,29.0,0.0,0.0,cift,0.0,0.0,0.0,0.0,1,1,depo_baglanti,dusuk
"LINESTRING (27.1882763 38.3715437, 27.1885429 38.3714498)",,206/53 sk.,325,327.0,26.0,0.0,0.0,cift,0.0,0.0,0.0,0.0,1,1,depo_baglanti,dusuk
"LINESTRING (27.1880015 38.370898, 27.1882763 38.3715437)",,206/54 sk.,245,327.0,76.0,0.0,0.0,cift,0.0,0.0,0.0,0.0,1,1,depo_baglanti,dusuk
"LINESTRING (27.1899869 38.3697981, 27.1899329 38.3694364, 27.1899249 38.3693649, 27.1897909 38.3687934)",Çizgi 380,1409 sk.,438,333.0,113.0,0.0,0.0,cift,0.0,0.0,0.0,0.0,1,1,depo_baglanti,orta
"LINESTRING (27.1953047 38.3704635, 27.1952974 38.3704335, 27.1952551 38.3704193, 27.1941581 38.3701186, 27.1937388 38.370045, 27.1932873 38.3699882)",Çizgi 382,Ahmet Pristina Blv.,222,381.0,186.0,0.0,0.0,tek,0.0,0.0,0.0,0.0,1,1,depo_baglanti,yuksek
"LINESTRING (27.1943937 38.3722698, 27.1945495 38.3720926, 27.194646 38.3719412, 27.1948311 38.3715985, 27.1950376 38.3711001, 27.1953047 38.3704635)",Çizgi 383,Dogus cd.,226,222.0,217.0,0.0,0.0,tek,0.0,0.0,0.0,0.0,1,1,depo_baglanti,yuksek
"LINESTRING (27.1929382 38.3718764, 27.1925732 38.3718185, 27.1922996 38.3717376, 27.1917672 38.3716151, 27.1916525 38.3716274)",Çizgi 384,205/1 sk.,387,389.0,117.0,0.0,0.0,cift,0.0,0.0,0.0,0.0,1,1,depo_baglanti,dusuk
"LINESTRING (27.1898017 38.3715976, 27.1900003 38.3707055)",Çizgi 385,203/42 sk.,323,331.0,101.0,0.0,0.0,cift,0.0,0.0,0.0,0.0,1,1,depo_baglanti,dusuk
"LINESTRING (27.1932873 38.3699882, 27.1928927 38.36995, 27.1916642 38.3699122, 27.1908218 38.3699017, 27.1904139 38.3698944, 27.18999 38.3699165)",Çizgi 386,Ahmet Pristina Blv.,381,332.0,288.0,0.0,0.0,tek,0.0,0.0,0.0,0.0,1,1,depo_baglanti,yuksek
"LINESTRING (27.1900084 38.3769938, 27.1899315 38.3769768, 27.1898564 38.3769379, 27.1898142 38.3768774, 27.1897965 38.3768046)",Çizgi 387,Dogus cd.,439,95.0,31.0,0.0,0.0,tek,0.0,0.0,0.0,0.0,1,1,depo_baglanti,yuksek
"LINESTRING (27.190072 38.3766752, 27.1901562 38.3767192, 27.1902118 38.3768013, 27.1901977 38.3768738, 27.1901682 38.3769159, 27.1901239 38.3769516, 27.1900084 38.3769938)",Çizgi 388,Dogus cd.,94,439.0,50.0,0.0,0.0,tek,0.0,0.0,0.0,0.0,1,1,depo_baglanti,yuksek
"LINESTRING (27.1904724 38.3724412, 27.1907727 38.3723859, 27.1911572 38.3722752)",Çizgi 389,Hoca Ahmet Yesevi cd.,319,392.0,63.0,0.0,0.0,cift,0.0,0.0,0.0,0.0,1,1,depo_baglanti,yuksek
"LINESTRING (27.1905442 38.3764268, 27.1910879 38.3761615, 27.1916021 38.3758479, 27.1927179 38.374418, 27.194115 38.3726168)",Çizgi 390,Dogus cd.,93,227.0,492.0,0.0,0.0,tek,0.0,0.0,0.0,0.0,1,1,depo_baglanti,yuksek
"LINESTRING (27.1879033 38.3716261, 27.1882763 38.3715437)",Çizgi 348,206/53 sk.,328,327.0,34.0,0.0,0.0,cift,0.0,0.0,0.0,0.0,1,1,depo_baglanti,dusuk
"LINESTRING (27.1872888 38.3712761, 27.1872823 38.3711979, 27.1872957 38.3711093, 27.1873065 38.3710917, 27.1873899 38.3710515, 27.1876822 38.3709733)",Çizgi 352,206/55 sk.,38,244.0,56.0,0.0,0.0,cift,0.0,0.0,0.0,0.0,1,1,depo_baglanti,dusuk
"LINESTRING (27.1876822 38.3709733, 27.1880015 38.370898)",Çizgi 353,206/55 sk.,244,245.0,29.0,0.0,0.0,cift,0.0,0.0,0.0,0.0,1,1,depo_baglanti,dusuk
"LINESTRING (27.1879033 38.3716261, 27.1876822 38.3709733)",Çizgi 354,206/52 sk.,328,244.0,75.0,0.0,0.0,cift,0.0,0.0,0.0,0.0,1,1,depo_baglanti,dusuk
"LINESTRING (27.1875887 38.3716946, 27.1879033 38.3716261)",Çizgi 355,206/53 sk.,243,328.0,28.0,0.0,0.0,cift,0.0,0.0,0.0,0.0,1,1,depo_baglanti,dusuk
