WKT,ad,açıklama,id,mahalle
"POINT (27.18011 38.36644)",SANAL DEPO,,0.0,depo
"POINT (27.1761943 38.3777201)",Nokta 100,,100.0,ataturk
"POINT (27.1765325 38.3774757)",Nokta 101,,101.0,ataturk
"POINT (27.177744 38.3767817)",Nokta 102,,102.0,ataturk
"POINT (27.1774509 38.3774726)",Nokta 103,,103.0,ataturk
"POINT (27.1780466 38.3773898)",Nokta 104,,104.0,ataturk
"POINT (27.1785201 38.3763189)",Nokta 105,,105.0,ataturk
"POINT (27.1783037 38.3773181)",Nokta 106,,106.0,ataturk
"POINT (27.1792328 38.3770029)",Nokta 107,,107.0,ataturk
"POINT (27.1788964 38.3761689)",Nokta 108,,108.0,ataturk
"POINT (27.1793781 38.3769545)",Nokta 109,,109.0,ataturk
"POINT (27.1804686 38.3765792)",Nokta 110,,110.0,ataturk
"POINT (27.1800611 38.3759386)",Nokta 111,,111.0,ataturk
"POINT (27.1813365 38.3761975)",Nokta 112,,112.0,ataturk
"POINT (27.18184 38.3759827)",Nokta 113,,113.0,ataturk
"POINT (27.1816214 38.3752626)",Nokta 114,,114.0,ataturk
"POINT (27.1823706 38.375736)",Nokta 115,,115.0,ataturk
"POINT (27.1819515 38.3751693)",Nokta 116,,116.0,ataturk
"POINT (27.1824768 38.3758706)",Nokta 117,,117.0,ataturk
"POINT (27.1826687 38.3761425)",Nokta 118,,118.0,ataturk
"POINT (27.1834564 38.3757996)",Nokta 119,,119.0,ataturk
"POINT (27.1832498 38.375529)",Nokta 120,,120.0,ataturk
"POINT (27.1838212 38.3756933)",Nokta 121,,121.0,ataturk
"POINT (27.1834039 38.3754458)",Nokta 122,,122.0,ataturk
"POINT (27.1837199 38.3753039)",Nokta 123,,123.0,ataturk
"POINT (27.1841513 38.3751339)",Nokta 124,,124.0,ataturk
"POINT (27.1854135 38.3752243)",Nokta 125,,125.0,ataturk
"POINT (27.1838918 38.374894)",Nokta 126,,126.0,ataturk
"POINT (27.1852462 38.3747743)",Nokta 127,,127.0,ataturk
"POINT (27.1850767 38.3744254)",Nokta 129,,129.0,ataturk
"POINT (27.1850366 38.3743537)",Nokta 130,,130.0,ataturk
"POINT (27.1848933 38.3740515)",Nokta 131,,131.0,ataturk
"POINT (27.1856802 38.3740873)",Nokta 132,,132.0,ataturk
"POINT (27.1859505 38.3739166)",Nokta 133,,133.0,ataturk
"POINT (27.1856992 38.3735771)",Nokta 134,,134.0,ataturk
"POINT (27.1865791 38.3735874)",Nokta 135,,135.0,ataturk
"POINT (27.1864157 38.3732754)",Nokta 136,,136.0,ataturk
"POINT (27.1868923 38.374013)",Nokta 137,,137.0,ataturk
"POINT (27.1876 38.3737081)",Nokta 139,,139.0,ataturk
"POINT (27.18847 38.3734944)",Nokta 140,,140.0,ataturk
"POINT (27.1879869 38.3743129)",Nokta 141,,141.0,ataturk
"POINT (27.1887679 38.3738529)",Nokta 142,,142.0,ataturk
"POINT (27.1890305 38.3741321)",Nokta 143,,143.0,ataturk
"POINT (27.1881403 38.3745161)",Nokta 144,,144.0,ataturk
"POINT (27.1898396 38.3752942)",Nokta 145,,145.0,ataturk
"POINT (27.1890955 38.3755596)",Nokta 146,,146.0,ataturk
"POINT (27.1886742 38.3750091)",Nokta 147,,147.0,ataturk
"POINT (27.1884731 38.3748251)",Nokta 148,,148.0,ataturk
"POINT (27.1880705 38.3750881)",Nokta 149,,149.0,ataturk
"POINT (27.1877726 38.3746604)",Nokta 150,,150.0,ataturk
"POINT (27.1874412 38.3742607)",Nokta 151,,151.0,ataturk
"POINT (27.1871884 38.3739506)",Nokta 152,,152.0,ataturk
"POINT (27.1865526 38.3746856)",Nokta 153,,153.0,ataturk
"POINT (27.1866434 38.3751654)",Nokta 154,,154.0,ataturk
"POINT (27.1885897 38.3736471)",Nokta 155,,155.0,ataturk
"POINT (27.1887332 38.3756622)",Nokta 156,,156.0,ataturk
"POINT (27.1883098 38.3752973)",Nokta 157,,157.0,ataturk
"POINT (27.188055 38.3755977)",Nokta 158,,158.0,ataturk
"POINT (27.1882897 38.3758132)",Nokta 159,,159.0,ataturk
"POINT (27.1877063 38.376007)",Nokta 160,,160.0,ataturk
"POINT (27.1874529 38.3756618)",Nokta 161,,161.0,ataturk
"POINT (27.187221 38.3761458)",Nokta 162,,162.0,ataturk
"POINT (27.187379 38.3765804)",Nokta 163,,163.0,ataturk
"POINT (27.1862753 38.3769242)",Nokta 164,,164.0,ataturk
"POINT (27.1861378 38.3766336)",Nokta 165,,165.0,ataturk
"POINT (27.1859116 38.376138)",Nokta 166,,166.0,ataturk
"POINT (27.1858811 38.3760741)",Nokta 167,,167.0,ataturk
"POINT (27.1856382 38.3755833)",Nokta 168,,168.0,ataturk
"POINT (27.1851387 38.376284)",Nokta 169,,169.0,ataturk
"POINT (27.1848313 38.3758886)",Nokta 170,,170.0,ataturk
"POINT (27.1845354 38.3755058)",Nokta 171,,171.0,ataturk
"POINT (27.1841095 38.3760986)",Nokta 172,,172.0,ataturk
"POINT (27.1842645 38.3762931)",Nokta 173,,173.0,ataturk
"POINT (27.1844672 38.3765331)",Nokta 174,,174.0,ataturk
"POINT (27.1847842 38.376946)",Nokta 175,,175.0,ataturk
"POINT (27.1842617 38.3771462)",Nokta 176,,176.0,ataturk
"POINT (27.1836374 38.3774307)",Nokta 177,,177.0,ataturk
"POINT (27.1831954 38.3768456)",Nokta 178,,178.0,ataturk
"POINT (27.1829877 38.3765396)",Nokta 179,,179.0,ataturk
"POINT (27.1816998 38.3769268)",Nokta 180,,180.0,ataturk
"POINT (27.1816922 38.3767725)",Nokta 181,,181.0,ataturk
"POINT (27.1809965 38.3773302)",Nokta 182,,182.0,ataturk
"POINT (27.1804646 38.3775673)",Nokta 183,,183.0,ataturk
"POINT (27.1800052 38.3773718)",Nokta 184,,184.0,ataturk
"POINT (27.1798673 38.3777075)",Nokta 185,,185.0,ataturk
"POINT (27.1801831 38.3777156)",Nokta 186,,186.0,ataturk
"POINT (27.1802529 38.378153)",Nokta 187,,187.0,ataturk
"POINT (27.179744 38.3780486)",Nokta 188,,188.0,ataturk
"POINT (27.180677 38.3784182)",Nokta 189,,189.0,ataturk
"POINT (27.1805707 38.3787837)",Nokta 190,,190.0,ataturk
"POINT (27.1811502 38.3788952)",Nokta 191,,191.0,ataturk
"POINT (27.1804297 38.3793658)",Nokta 192,,192.0,ataturk
"POINT (27.1816242 38.3794596)",Nokta 193,,193.0,ataturk
"POINT (27.1821689 38.3804459)",Nokta 194,,194.0,ataturk
"POINT (27.1812373 38.3807717)",Nokta 195,,195.0,ataturk
"POINT (27.1807113 38.3800543)",Nokta 196,,196.0,ataturk
"POINT (27.1798941 38.3804101)",Nokta 197,,197.0,ataturk
"POINT (27.180563 38.3809485)",Nokta 198,,198.0,ataturk
"POINT (27.1806801 38.3809701)",Nokta 199,,199.0,ataturk
"POINT (27.1840378 38.3794268)",Nokta 99,,99.0,ataturk
"POINT (27.1855427 38.3791153)",Nokta 98,,98.0,ataturk
"POINT (27.187081 38.3781275)",Nokta 97,,97.0,ataturk
"POINT (27.1886649 38.3773089)",Nokta 96,,96.0,ataturk
"POINT (27.1897968 38.3768053)",Nokta 95,,95.0,ataturk
"POINT (27.190072 38.3766752)",Nokta 94,,94.0,ataturk
"POINT (27.1905442 38.3764268)",Nokta 93,,93.0,ataturk
"POINT (27.1881195 38.3766158)",Nokta 92,,92.0,ataturk
"POINT (27.1853908 38.3767979)",Nokta 91,,91.0,ataturk
"POINT (27.1846412 38.3777365)",Nokta 90,,90.0,ataturk
"POINT (27.184977 38.3782523)",Nokta 89,,89.0,ataturk
"POINT (27.1803819 38.379518)",Nokta 88,,88.0,ataturk
"POINT (27.1787047 38.3794967)",Nokta 87,,87.0,ataturk
"POINT (27.1786747 38.3796097)",Nokta 86,,86.0,ataturk
"POINT (27.1786176 38.3798411)",Nokta 85,,85.0,ataturk
"POINT (27.1778398 38.3788427)",Nokta 84,,84.0,ataturk
"POINT (27.1788148 38.3790395)",Nokta 83,,83.0,ataturk
"POINT (27.1789915 38.3783436)",Nokta 82,,82.0,ataturk
"POINT (27.1776706 38.3780671)",Nokta 81,,81.0,ataturk
"POINT (27.1785149 38.3803609)",Nokta 80,,80.0,ataturk
"POINT (27.1779029 38.3806187)",Nokta 79,,79.0,ataturk
"POINT (27.1781204 38.3811073)",Nokta 78,,78.0,ataturk
"POINT (27.1795341 38.3807134)",Nokta 77,,77.0,ataturk
"POINT (27.179028 38.3802022)",Nokta 76,,76.0,ataturk
"POINT (27.1773231 38.3810461)",Nokta 75,,75.0,ataturk
"POINT (27.1768755 38.3807781)",Nokta 74,,74.0,ataturk
"POINT (27.1768891 38.3800305)",Nokta 73,,73.0,ataturk
"POINT (27.1774452 38.3798368)",Nokta 72,,72.0,ataturk
"POINT (27.1768258 38.3786789)",Nokta 71,,71.0,ataturk
"POINT (27.1799714 38.3811295)",Nokta 70,,70.0,ataturk
"POINT (27.1797103 38.3812604)",Nokta 69,,69.0,ataturk
"POINT (27.178483 38.3815762)",Nokta 68,,68.0,ataturk
"POINT (27.1800611 38.3759386)",Nokta 67,,67.0,ataturk
"POINT (27.1829867 38.3748465)",Nokta 66,,66.0,ataturk
"POINT (27.1836504 38.3745702)",Nokta 65,,65.0,ataturk
"POINT (27.1832791 38.3747228)",Nokta 64,,64.0,ataturk
"POINT (27.1879149 38.3727503)",Nokta 63,,63.0,ataturk
"POINT (27.1794591 38.38007)",Nokta 62,,62.0,ataturk
"POINT (27.181445 38.3779457)",Nokta 61,,61.0,ataturk
"POINT (27.1819476 38.3777771)",Nokta 60,,60.0,ataturk
"POINT (27.1877184 38.3753969)",Nokta 59,,59.0,ataturk
"POINT (27.1870047 38.3754155)",Nokta 58,,58.0,ataturk
"POINT (27.1804365 38.3810681)",Nokta 57,,57.0,ataturk
"POINT (27.18001 38.3811955)",Nokta 56,,56.0,ataturk
"POINT (27.1774865 38.3818074)",Nokta 55,,55.0,adatepe
"POINT (27.1763868 38.382065)",Nokta 54,,54.0,adatepe
"POINT (27.1763412 38.3821911)",Nokta 53,,53.0,adatepe
"POINT (27.1789656 38.3853864)",Nokta 52,,52.0,adatepe
"POINT (27.1821494 38.3824341)",Nokta 51,,51.0,adatepe
"POINT (27.1736255 38.3744562)",Nokta 50,,50.0,camlikule
"POINT (27.1757471 38.3776231)",Nokta 49,,49.0,camlikule
"POINT (27.1782188 38.3727672)",Nokta 47,,47.0,depo_baglanti
"POINT (27.1781992 38.3736308)",Nokta 48,,48.0,depo_baglanti
"POINT (27.1786115 38.3702573)",Nokta 46,,46.0,depo_baglanti
"POINT (27.1953047 38.3704635)",,,222.0,depo_baglanti
"POINT (27.1954149 38.3702872)",,,220.0,depo_baglanti
"POINT (27.1930836 38.3722019)",,,304.0,depo_baglanti
"POINT (27.18999 38.3699165)",,,332.0,depo_baglanti
"POINT (27.1932873 38.3699882)",,,381.0,depo_baglanti
"POINT (27.1932836 38.3698895)",,,380.0,depo_baglanti
"POINT (27.1886211 38.3726431)",,,239.0,depo_baglanti
"POINT (27.1939465 38.3722495)",,,302.0,depo_baglanti
"POINT (27.1941147 38.3700212)",,,294.0,depo_baglanti
"POINT (27.194115 38.3726168)",,,227.0,depo_baglanti
"POINT (27.1943937 38.3722698)",,,226.0,depo_baglanti
"POINT (27.195564 38.3705649)",,,221.0,depo_baglanti
"POINT (27.1900084 38.3769938)",,,439.0,depo_baglanti
"POINT (27.189235 38.3675666)",,,351.0,depo_baglanti
"POINT (27.1896651 38.3680462)",,,408.0,depo_baglanti
"POINT (27.1897909 38.3687934)",,,438.0,depo_baglanti
"POINT (27.1881757 38.368877)",,,407.0,depo_baglanti
"POINT (27.1882209 38.3678127)",,,350.0,depo_baglanti
"POINT (27.1899871 38.3698061)",,,333.0,depo_baglanti
"POINT (27.1881345 38.3699727)",,,334.0,depo_baglanti
"POINT (27.1853692 38.3698712)",,,337.0,depo_baglanti
"POINT (27.1828545 38.3667282)",,,200.0,depo_baglanti
"POINT (27.1841114 38.3676887)",,,254.0,depo_baglanti
"POINT (27.1854527 38.3677292)",,,344.0,depo_baglanti
"POINT (27.1825753 38.3676263)",,,252.0,depo_baglanti
"POINT (27.1835749 38.3676875)",,,253.0,depo_baglanti
"POINT (27.1835352 38.3685473)",,,341.0,depo_baglanti
"POINT (27.1853911 38.3687866)",,,343.0,depo_baglanti
"POINT (27.1821539 38.368054)",,,251.0,depo_baglanti
"POINT (27.181763 38.3696115)",,,250.0,depo_baglanti
"POINT (27.1872028 38.3688781)",,,403.0,depo_baglanti
"POINT (27.1872732 38.3688782)",,,404.0,depo_baglanti
"POINT (27.1871026 38.3700424)",,,336.0,depo_baglanti
"POINT (27.1872105 38.3700447)",,,335.0,depo_baglanti
"POINT (27.1880545 38.3700672)",,,247.0,depo_baglanti
"POINT (27.1871977 38.3701313)",,,248.0,depo_baglanti
"POINT (27.1872497 38.3676241)",,,347.0,depo_baglanti
"POINT (27.1873245 38.3676283)",,,348.0,depo_baglanti
"POINT (27.1874741 38.36778)",,,349.0,depo_baglanti
"POINT (27.1872632 38.3679373)",,,405.0,depo_baglanti
"POINT (27.1873437 38.3679289)",,,406.0,depo_baglanti
"POINT (27.1870712 38.3677853)",,,346.0,depo_baglanti
"POINT (27.1829332 38.3684797)",,,340.0,depo_baglanti
"POINT (27.1828693 38.3695281)",,,338.0,depo_baglanti
"POINT (27.1835355 38.3686804)",,,342.0,depo_baglanti
"POINT (27.1829417 38.3686884)",,,339.0,depo_baglanti
"POINT (27.1870867 38.3701333)",,,249.0,depo_baglanti
"POINT (27.1769799 38.3762664)",Nokta 316,,45.0,depo_baglanti
"POINT (27.1814644 38.3722786)",Nokta 318,,44.0,depo_baglanti
"POINT (27.1841742 38.3725002)",Nokta 319,,43.0,depo_baglanti
"POINT (27.1839791 38.3718576)",Nokta 322,,42.0,depo_baglanti
"POINT (27.1839821 38.3697505)",Nokta 327,,41.0,depo_baglanti
"POINT (27.1815788 38.3697294)",Nokta 328,,40.0,depo_baglanti
"POINT (27.1929382 38.3718764)",,,387.0,depo_baglanti
"POINT (27.1839644 38.3717095)",Nokta 323,,39.0,depo_baglanti
"POINT (27.1872888 38.3712761)",Nokta 325,,38.0,depo_baglanti
"POINT (27.1876637 38.3719601)",,,242.0,depo_baglanti
"POINT (27.1875887 38.3716946)",,,243.0,depo_baglanti
"POINT (27.1883022 38.3708236)",,,246.0,depo_baglanti
"POINT (27.1885429 38.3714498)",,,325.0,depo_baglanti
"POINT (27.1883487 38.3709165)",,,329.0,depo_baglanti
"POINT (27.1893497 38.3716901)",,,324.0,depo_baglanti
"POINT (27.1898017 38.3715976)",,,323.0,depo_baglanti
"POINT (27.1916028 38.3721771)",,,391.0,depo_baglanti
"POINT (27.1904724 38.3724412)",,,319.0,depo_baglanti
"POINT (27.1911572 38.3722752)",,,392.0,depo_baglanti
"POINT (27.187739 38.3723453)",,,241.0,depo_baglanti
"POINT (27.1901273 38.371978)",,,321.0,depo_baglanti
"POINT (27.190419 38.3719497)",,,320.0,depo_baglanti
"POINT (27.1910668 38.3718872)",,,430.0,depo_baglanti
"POINT (27.1916209 38.371862)",,,390.0,depo_baglanti
"POINT (27.193272 38.3722172)",,,303.0,depo_baglanti
"POINT (27.1923723 38.3721617)",,,305.0,depo_baglanti
"POINT (27.1893246 38.3706944)",,,330.0,depo_baglanti
"POINT (27.1900003 38.3707055)",,,331.0,depo_baglanti
"POINT (27.190119 38.3717152)",,,322.0,depo_baglanti
"POINT (27.1916525 38.3716274)",,,389.0,depo_baglanti
"POINT (27.1885311 38.3721526)",,,240.0,depo_baglanti
"POINT (27.1883799 38.3717866)",,,326.0,depo_baglanti
"POINT (27.1876822 38.3709733)",,,244.0,depo_baglanti
"POINT (27.1880015 38.370898)",,,245.0,depo_baglanti
"POINT (27.1882763 38.3715437)",,,327.0,depo_baglanti
"POINT (27.1879033 38.3716261)",,,328.0,depo_baglanti
