WKT,ad,açıklama,fid,adet,tip,mahalle
"POINT (27.1888352 38.3739294)",Metin Göktepe Cd. No:47,,,2.0,1.0,ataturk
"POINT (27.1881803 38.3731104)",Metin Göktepe Cd. No:59,,,1.0,1.0,ataturk
"POINT (27.189303 38.3744538)",Metin Göktepe Cd. No:41,,,1.0,1.0,ataturk
"POINT (27.1895112 38.3747806)",Metin Göktepe Cd. No:37,,,2.0,1.0,ataturk
"POINT (27.1896736 38.3750312)",Metin Göktepe Cd. No:30,,,3.0,1.0,ataturk
"POINT (27.1887717 38.3756497)",201. Sk. No:26,,,4.0,1.0,ataturk
"POINT (27.1881589 38.3758577)",201. Sk. No:32,,,2.0,1.0,ataturk
"POINT (27.187943 38.3759277)",201. Sk. No:34,,,3.0,1.0,ataturk
"POINT (27.1878437 38.3759672)",201. Sk. No:44,,,2.0,1.0,ataturk
"POINT (27.187378 38.376365)",202/51. Sokak No:11,,,1.0,1.0,ataturk
"POINT (27.1873646 38.3765458)",202/51. Sokak No:17,,,2.0,1.0,ataturk
"POINT (27.1861935 38.3767392)",202/12. Sk. No:33,,,3.0,1.0,ataturk
"POINT (27.1880651 38.3755867)",201/9. Sokak,,,3.0,1.0,ataturk
"POINT (27.1879847 38.3749605)",202/8. Sk. No:16,,,1.0,1.0,ataturk
"POINT (27.1878092 38.3747014)",202/8. Sokak Trafo Köşe,,,2.0,1.0,ataturk
"POINT (27.1878624 38.3741503)",202/6. Sk. No:29,,,2.0,1.0,ataturk
"POINT (27.1880091 38.3736249)",202/58. Sk No:4,,,2.0,1.0,ataturk
"POINT (27.1872832 38.3738776)",202/58. Sk No:51,,,3.0,1.0,ataturk
"POINT (27.1866068 38.3750996)",202/60. Sokak ParkÖnü,parkönü,,1.0,1.0,ataturk
"POINT (27.1863431 38.3752984)",202/57. Sk. No:8,,,1.0,1.0,ataturk
"POINT (27.1859224 38.3754846)",202/57. Sk. No:26,,,1.0,1.0,ataturk
"POINT (27.1862176 38.3760453)",202/13. Sk. No:3,,,1.0,1.0,ataturk
"POINT (27.1855969 38.3761719)",202/16. Sk. No:15,,,2.0,1.0,ataturk
"POINT (27.1849606 38.376357)",202/16. Sk. No:10,,,1.0,1.0,ataturk
"POINT (27.1845413 38.3766249)",202/17. Sk. No:4,,,2.0,1.0,ataturk
"POINT (27.1843343 38.3763831)",202/17. Sk. No:8,,,1.0,1.0,ataturk
"POINT (27.1840301 38.3759958)",202/17. Sk. No:13,,,2.0,1.0,ataturk
"POINT (27.1851181 38.3745011)",202/12. Sk. No:6,,,1.0,1.0,ataturk
"POINT (27.1832728 38.3758874)",202/61. Sk No:3,,,1.0,1.0,ataturk
"POINT (27.1833434 38.3754845)",202/40. Sk. No: 18,,,3.0,1.0,ataturk
"POINT (27.1839258 38.3752227)",202/40. Sk. No:14,,,4.0,1.0,ataturk
"POINT (27.184405 38.375547)",202/53. Sk. No:25,,,1.0,1.0,ataturk
"POINT (27.1849897 38.3753268)",202/53. Sk. No:40,,,3.0,1.0,ataturk
"POINT (27.1853254 38.3752445)",202/53. Sk. No:44,,,2.0,1.0,ataturk
"POINT (27.1871659 38.3754983)",Maviyaka Sitesi,,,3.0,1.0,ataturk
"POINT (27.1772917 38.3770585)",Hoca Ahmet Yesevi Cd. No:10,,,1.0,2.0,ataturk
"POINT (27.1779693 38.376652)",Hoca Ahmet Yesevi Cd. No:20,,,2.0,2.0,ataturk
"POINT (27.1814941 38.3753296)",Hoca Ahmet Yesevi Cd. No:50,,,2.0,2.0,ataturk
"POINT (27.1808729 38.3756344)",Hoca Ahmet Yesevi Cd. No:42,,,1.0,2.0,ataturk
"POINT (27.1856092 38.3736227)",Hoca Ahmet Yesevi Cd. No:159,,,2.0,2.0,ataturk
"POINT (27.1848566 38.3740668)",Hoca Ahmet Yesevi Cd. No:141,,,2.0,2.0,ataturk
"POINT (27.1873506 38.3729669)",Hoca Ahmet Yesevi Cd. No:128/A,,,1.0,2.0,ataturk
"POINT (27.1809885 38.3763565)",204/31. Sokak Kadın Doğum Arkası,,,2.0,1.0,ataturk
"POINT (27.1817467 38.3766852)",202/37. Sokak,,,3.0,1.0,ataturk
"POINT (27.180876 38.377387)",204/17. Sk. No:8,,,2.0,1.0,ataturk
"POINT (27.1803213 38.377505)",204/4. Sokak Trafo Önü,,,2.0,1.0,ataturk
"POINT (27.1816187 38.3760769)",204/31. Sokak No:4,,,4.0,1.0,ataturk
"POINT (27.1769583 38.3788778)",206. Sk. No. 35/B,,,2.0,1.0,ataturk
"POINT (27.1772204 38.3793652)",206. Sk. No:33,,,1.0,1.0,ataturk
"POINT (27.1773218 38.3796181)",206. Sk. No:29,,,1.0,1.0,ataturk
"POINT (27.1779161 38.3797907)",209/1. Sk. No:6,,,2.0,1.0,ataturk
"POINT (27.1789538 38.378485)",Lila Apart Otel,,,2.0,1.0,ataturk
"POINT (27.1780266 38.3788783)",204/12. Sk. No:2,,,2.0,1.0,ataturk
"POINT (27.1779241 38.3791603)",63/3. Sk. No:13,,,3.0,1.0,ataturk
"POINT (27.1795015 38.3796449)",63/5. Sk. No:6,,,3.0,1.0,ataturk
"POINT (27.1809643 38.3788623)",204/8. Sokak,,,1.0,1.0,ataturk
"POINT (27.1807136 38.3794094)",204/10. Sk. No:1,,,2.0,1.0,ataturk
"POINT (27.1808943 38.3803439)",204/18. Sk. No:3,,,3.0,1.0,ataturk
"POINT (27.1765995 38.3825179)",Kıbrıs Caddesi Hasanağa Park Köşesi,,,1.0,1.0,adatepe
"POINT (27.1776659 38.3842803)",Kıbrıs Cd. no:10a,,,1.0,1.0,adatepe
"POINT (27.1784518 38.3850009)",Kıbrıs Cd. No:27,,,2.0,1.0,adatepe
"POINT (27.1810979 38.3837071)",Erdem Cd. No:26,,,2.0,1.0,adatepe
"POINT (27.1812773 38.3834893)",Erdem Cd. No:22,,,1.0,1.0,adatepe
"POINT (27.1780514 38.3809825)",206. Sk. No:5,,,4.0,1.0,ataturk
"POINT (27.1775751 38.3808394)",207. Sk. No:30,,,2.0,1.0,ataturk
"POINT (27.1793267 38.3801143)",63/1. Sokak İzban,,,3.0,1.0,ataturk
"POINT (27.1802532 38.3802517)",63/7. Sokak,,,3.0,1.0,ataturk
"POINT (27.1830125 38.3800287)",63. Sk. No:76,,,2.0,1.0,ataturk
"POINT (27.1815341 38.3806748)",63. Sokak NO:54,,,2.0,1.0,ataturk
"POINT (27.1838556 38.3787295)",204/10. Sk. No:2,,,3.0,1.0,ataturk
"POINT (27.1842842 38.3785314)",204/10. Sk. No:14,,,3.0,1.0,ataturk
"POINT (27.1846499 38.378398)",204/10. Sk. No:18,,,2.0,1.0,ataturk
"POINT (27.1847461 38.3778885)",204/34. Sk. No:9,,,3.0,1.0,ataturk
"POINT (27.1834751 38.3775223)",202/14. Sk. No:10,,,3.0,1.0,ataturk
"POINT (27.1821789 38.3777828)",202/14. Sokak Çamlık,,,3.0,1.0,ataturk
"POINT (27.1810038 38.3782149)",204/21. Sk. No:13,,,3.0,1.0,ataturk
"POINT (27.1778997 38.3781223)",204/7. Sokak,,,2.0,1.0,ataturk
"POINT (27.1805138 38.3789105)",204/4. Sk. No:36,,,2.0,1.0,ataturk
"POINT (27.1803922 38.3794324)",207. Sk. No:52,,,3.0,1.0,ataturk
"POINT (27.1881734 38.3766902)",202/42. Sokak,,,2.0,1.0,ataturk
"POINT (27.1878742 38.3762629)",202/42. Sk No:8,,,2.0,1.0,ataturk
"POINT (27.176876 38.3805551)",218. Sk. No:19,,,3.0,1.0,ataturk
"POINT (27.184438 38.3759837)",202/15. Sokak,,,1.0,1.0,ataturk
"POINT (27.1777436 38.3774354)",Ali Rıza Efendi İlkokulu,,,3.0,1.0,ataturk
"POINT (27.177851 38.3774217)",Ali Rıza Efendi İlkokulu Yanı,,,2.0,1.0,ataturk
"POINT (27.1776162 38.3774501)",Ali Rıza Efendi İlkokulu,,,4.0,1.0,ataturk
"POINT (27.1736974 38.3746097)",220. Sk. No:107,,,3.0,1.0,camlikule
"POINT (27.174019 38.3753354)",220. Sk. No:110,,,2.0,1.0,camlikule
"POINT (27.1749071 38.3766791)",220. Sk. No:102,,,1.0,1.0,camlikule
"POINT (27.1751831 38.3771148)",Buca Belediyesi Afet Koordinasyon Merkezi - BUCAKUT,,,1.0,1.0,camlikule
"POINT (27.1756954 38.3775711)",Buca Belediyesi Afet Koordinasyon Merkezi - BUCAKUT KÖŞE,,,3.0,1.0,camlikule
"POINT (27.1849026 38.378153)",204/34. Sokak KÖŞE,,,3.0,1.0,ataturk
"POINT (27.1767467 38.3773377)",Hoca Ahmet Yesevi Cd. No:2,,,1.0,1.0,ataturk
"POINT (27.1843981 38.374279)",Hoca Ahmet Yesevi Caddesi No:90,,,1.0,1.0,ataturk
"POINT (27.1854702 38.3737111)",Hoca Ahmet Yesevi Cd. No:108,,,1.0,1.0,ataturk
"POINT (27.189547 38.3768706)",63. Sk. no 110/B,,,1.0,2.0,ataturk
"POINT (27.1842721 38.3793285)",63. Sk. No: 106,,,1.0,2.0,ataturk
"POINT (27.1902724 38.3765545)",63. Sk. No:114,,,1.0,2.0,ataturk
"POINT (27.1810635 38.3808296)",63. Sk. No:11,,,1.0,2.0,ataturk
"POINT (27.1797816 38.3812187)",63. Sk. No:42,,,2.0,2.0,ataturk
"POINT (27.1868968 38.3782232)",Seramiksan Buca Yapı,,,1.0,1.0,ataturk
