WKT,ad,from_node,to_node,uzunluk,tip1_talep,tip2_talep,yon,avg_gecis,ayt_gecis,azu_gecis,mahalle
"LINESTRING (27.1905241 38.3660351, 27.190577 38.366011, 27.1906722 38.3659881, 27.1907054 38.3659849, 27.1907979 38.3659857, 27.1909173 38.3659915, 27.1909971 38.3659926, 27.1910346 38.3659986, 27.1910752 38.3660191, 27.1910903 38.366042, 27.1911009 38.366099, 27.1911129 38.3661336, 27.1911355 38.3661602, 27.191164 38.366178, 27.19121 38.3661899, 27.1912338 38.3662014)",,205.0,206.0,77.0,3500.0,0.0,cift,1.0,1.0,1.0,kurucesme
"LINESTRING (27.1908376 38.3663476, 27.1910771 38.3662412, 27.1912309 38.3662023)",,206.0,269.0,38.0,0.0,0.0,cift,1.0,1.0,1.0,kurucesme
"LINESTRING (27.1901568 38.3670807, 27.1894878 38.3665559)",,265.0,352.0,147.0,3500.0,0.0,cift,0.0,1.0,0.0,kurucesme
"LINESTRING (27.1926499 38.3691633, 27.1927099 38.3693638, 27.1927709 38.3695294, 27.1927897 38.3695636, 27.1928044 38.3695956, 27.1928664 38.3698356)",,419.0,435.0,77.0,1400.0,0.0,cift,1.0,1.0,1.0,kurucesme
"LINESTRING (27.1899296 38.3693914, 27.1898779 38.3692055)",,421.0,422.0,21.0,0.0,0.0,cift,1.0,1.0,1.0,kurucesme
"LINESTRING (27.1899296 38.3693914, 27.1908062 38.369343)",,420.0,422.0,77.0,1400.0,0.0,cift,0.0,1.0,0.0,kurucesme
"LINESTRING (27.1896651 38.3680462, 27.1897909 38.3687934)",,408.0,438.0,183.0,0.0,0.0,cift,1.0,1.0,1.0,kurucesme
"LINESTRING (27.1900014 38.3661464, 27.1902505 38.3663297)",,266.0,267.0,30.0,0.0,0.0,cift,1.0,1.0,1.0,kurucesme
"LINESTRING (27.1902505 38.3663297, 27.1905914 38.3661132)",,267.0,268.0,38.0,0.0,0.0,cift,1.0,1.0,1.0,kurucesme
"LINESTRING (27.1905241 38.3660351, 27.1905914 38.3661132)",,205.0,268.0,10.0,0.0,0.0,cift,0.0,1.0,0.0,kurucesme
"LINESTRING (27.1905914 38.3661132, 27.1908376 38.3663476)",,268.0,269.0,34.0,0.0,0.0,cift,1.0,1.0,1.0,kurucesme
"LINESTRING (27.1908062 38.369343, 27.1913952 38.369339, 27.1916017 38.3693222, 27.19176 38.3692927, 27.1926499 38.3691633)",,419.0,420.0,163.0,1400.0,0.0,cift,0.0,1.0,0.0,kurucesme
"LINESTRING (27.1899869 38.3697981, 27.1899871 38.3698061, 27.1906633 38.3697984, 27.1918499 38.3698285, 27.1928665 38.3698343)",,333.0,435.0,297.0,0.0,9000.0,tek,1.0,1.0,1.0,kurucesme
"LINESTRING (27.1881345 38.3699727, 27.1899871 38.3698061)",,334.0,333.0,163.0,0.0,3000.0,tek,1.0,1.0,1.0,kurucesme
"LINESTRING (27.1881757 38.368877, 27.1881345 38.3699727)",,334.0,407.0,122.0,3500.0,0.0,cift,1.0,1.0,1.0,kurucesme
"LINESTRING (27.1881757 38.368877, 27.1897909 38.3687934)",,407.0,438.0,141.0,0.0,3000.0,cift,1.0,1.0,1.0,kurucesme
"LINESTRING (27.1881757 38.368877, 27.1882209 38.3678127)",,350.0,407.0,119.0,2100.0,0.0,cift,1.0,1.0,1.0,kurucesme
"LINESTRING (27.1899871 38.3698061, 27.1899296 38.3693914)",,333.0,422.0,46.0,0.0,0.0,cift,1.0,1.0,1.0,kurucesme
"LINESTRING (27.1898779 38.3692055, 27.1897909 38.3687934)",,421.0,438.0,46.0,700.0,0.0,cift,1.0,1.0,1.0,kurucesme
"LINESTRING (27.189235 38.3675666, 27.1896651 38.3680462)",,351.0,408.0,65.0,700.0,0.0,cift,1.0,1.0,1.0,kurucesme
"LINESTRING (27.1896153 38.3659436, 27.1898828 38.3655627, 27.1900859 38.3656803, 27.1901037 38.3656918, 27.1904774 38.3659835, 27.1905241 38.3660351)",,204.0,205.0,126.0,3500.0,0.0,cift,0.0,1.0,0.0,kurucesme
"LINESTRING (27.1896153 38.3659436, 27.1898484 38.3660635, 27.1900014 38.3661464)",,204.0,266.0,41.0,700.0,0.0,cift,1.0,1.0,1.0,kurucesme
"LINESTRING (27.1894878 38.3665559, 27.1900014 38.3661464)",,265.0,266.0,64.0,0.0,0.0,cift,1.0,1.0,1.0,kurucesme
"LINESTRING (27.1864646 38.3655608, 27.1868489 38.3654689, 27.1869951 38.365472, 27.1872178 38.3654952, 27.1876761 38.3655241, 27.188246 38.3655343, 27.1884365 38.3655548, 27.1892787 38.3657875, 27.1893474 38.3658169, 27.1893786 38.3658461, 27.189402 38.3658964, 27.1896153 38.3659436)",,203.0,204.0,288.0,0.0,0.0,cift,1.0,1.0,1.0,kurucesme
"LINESTRING (27.1864646 38.3655608, 27.18641 38.3660389)",,203.0,258.0,53.0,0.0,0.0,cift,1.0,1.0,1.0,kurucesme
"LINESTRING (27.18641 38.3660389, 27.1865377 38.3660828, 27.1865977 38.3660978, 27.186648 38.3661049, 27.1866889 38.3661051, 27.1867728 38.3660996, 27.1869055 38.3660618, 27.1873193 38.3659808)",,258.0,259.0,83.0,0.0,0.0,cift,1.0,1.0,1.0,kurucesme
"LINESTRING (27.1873193 38.3659808, 27.1879672 38.3658789)",,259.0,260.0,58.0,700.0,0.0,cift,1.0,1.0,1.0,kurucesme
"LINESTRING (27.1873193 38.3659808, 27.1873456 38.3660987, 27.1873489 38.3661447)",,259.0,261.0,18.0,0.0,0.0,cift,1.0,1.0,1.0,kurucesme
"LINESTRING (27.18641 38.3660389, 27.1864211 38.3661673, 27.1864022 38.3666741)",,257.0,258.0,71.0,0.0,0.0,cift,1.0,1.0,1.0,kurucesme
"LINESTRING (27.1884095 38.3669195, 27.1889222 38.3663824, 27.1890683 38.3662983, 27.1891193 38.3662836, 27.1892011 38.3662825, 27.1892561 38.3663062, 27.1892863 38.3663299, 27.1894878 38.3665559)",,264.0,265.0,142.0,0.0,0.0,cift,1.0,1.0,1.0,kurucesme
"LINESTRING (27.1884095 38.3669195, 27.189235 38.3675666)",,264.0,351.0,102.0,2100.0,0.0,cift,1.0,1.0,1.0,kurucesme
"LINESTRING (27.189235 38.3675666, 27.1897004 38.3673415, 27.1901568 38.3670807)",,351.0,352.0,97.0,0.0,0.0,cift,1.0,1.0,1.0,kurucesme
"LINESTRING (27.1882209 38.3678127, 27.1886362 38.3678126, 27.188723 38.367791, 27.189235 38.3675666)",,350.0,351.0,95.0,0.0,0.0,cift,1.0,1.0,1.0,kurucesme
"LINESTRING (27.1864022 38.3666741, 27.1872225 38.3667221, 27.1872888 38.3667195)",,257.0,262.0,78.0,0.0,0.0,cift,1.0,1.0,1.0,kurucesme
"LINESTRING (27.187351 38.3667212, 27.187416 38.3667315, 27.1880315 38.3667652, 27.1882086 38.3668188, 27.1884095 38.3669195)",,263.0,264.0,97.0,700.0,0.0,cift,1.0,1.0,1.0,kurucesme
"LINESTRING (27.1828545 38.3667282, 27.1833686 38.3663916)",,200.0,201.0,58.0,1400.0,0.0,cift,1.0,1.0,1.0,kurucesme
"LINESTRING (27.1833686 38.3663916, 27.1838429 38.3661625, 27.1843344 38.3659796, 27.1848245 38.3658087, 27.1856034 38.3656394)",,201.0,202.0,213.0,2100.0,0.0,cift,1.0,1.0,1.0,kurucesme
"LINESTRING (27.1833686 38.3663916, 27.1836009 38.3666883, 27.1837062 38.3669194, 27.1838011 38.3669392, 27.184166 38.3670711)",,201.0,255.0,110.0,0.0,0.0,cift,1.0,1.0,1.0,kurucesme
"LINESTRING (27.184166 38.3670711, 27.18462 38.3671665, 27.1850599 38.367196, 27.1855385 38.3672189)",,255.0,345.0,121.0,1400.0,0.0,cift,1.0,1.0,1.0,kurucesme
"LINESTRING (27.1855385 38.3672189, 27.1855824 38.3666638)",,256.0,345.0,62.0,1400.0,0.0,cift,1.0,1.0,1.0,kurucesme
"LINESTRING (27.1855824 38.3666638, 27.1862187 38.3666771, 27.1864022 38.3666741)",,256.0,257.0,72.0,2800.0,0.0,cift,1.0,1.0,1.0,kurucesme
"LINESTRING (27.1856034 38.3656394, 27.1864646 38.3655608)",,202.0,203.0,76.0,0.0,0.0,cift,1.0,1.0,1.0,kurucesme
"LINESTRING (27.184166 38.3670711, 27.1843337 38.366891, 27.1846424 38.3666926, 27.1848365 38.3666534, 27.1854256 38.3666539, 27.1855824 38.3666638)",,255.0,256.0,142.0,2100.0,0.0,cift,1.0,1.0,1.0,kurucesme
"LINESTRING (27.1856034 38.3656394, 27.1856171 38.365776, 27.1856138 38.3660173, 27.1855849 38.3661371, 27.1855824 38.3666638)",,202.0,256.0,114.0,0.0,0.0,cift,1.0,1.0,1.0,kurucesme
"LINESTRING (27.184166 38.3670711, 27.1841366 38.3671508, 27.1841246 38.3672139, 27.1841273 38.3673406, 27.1841114 38.3676887)",,254.0,255.0,69.0,700.0,0.0,cift,1.0,1.0,1.0,kurucesme
"LINESTRING (27.1841114 38.3676887, 27.1854527 38.3677292)",,254.0,344.0,117.0,0.0,3000.0,cift,1.0,1.0,1.0,kurucesme
"LINESTRING (27.1855385 38.3672189, 27.1854527 38.3677292)",,344.0,345.0,57.0,0.0,0.0,cift,1.0,1.0,1.0,kurucesme
"LINESTRING (27.1801155 38.3664494, 27.1812279 38.3663616, 27.181878 38.3663359, 27.1821543 38.3663532, 27.1823374 38.3664032, 27.1824768 38.3664713, 27.1828545 38.3667282)",,0.0,200.0,253.0,3500.0,0.0,cift,1.0,1.0,1.0,kurucesme
"LINESTRING (27.1873489 38.3661447, 27.1873726 38.3662118, 27.187386 38.3662807, 27.187351 38.3667212)",,261.0,263.0,65.0,0.0,0.0,tek,1.0,1.0,1.0,kurucesme
"LINESTRING (27.1873489 38.3661447, 27.1873107 38.3662902, 27.1872888 38.3667195)",,262.0,261.0,64.0,0.0,0.0,tek,1.0,1.0,1.0,kurucesme
"LINESTRING (27.187351 38.3667212, 27.1872888 38.3667195)",,262.0,263.0,5.0,0.0,0.0,cift,1.0,1.0,1.0,kurucesme
"LINESTRING (27.1872105 38.3700447, 27.187251 38.3700439, 27.1881345 38.3699727)",,335.0,334.0,79.0,0.0,6000.0,tek,1.0,1.0,1.0,kurucesme
"LINESTRING (27.1871026 38.3700424, 27.1872105 38.3700447)",,336.0,335.0,9.0,0.0,0.0,tek,1.0,1.0,1.0,kurucesme
"LINESTRING (27.1872732 38.3688782, 27.1881757 38.368877)",,404.0,407.0,79.0,0.0,3000.0,cift,1.0,1.0,1.0,kurucesme
"LINESTRING (27.1872732 38.3688782, 27.1872476 38.3691622, 27.1872496 38.3695176, 27.1872105 38.3700447)",,404.0,335.0,130.0,0.0,3000.0,tek,1.0,1.0,1.0,kurucesme
"LINESTRING (27.1872028 38.3688781, 27.1872732 38.3688782)",,403.0,404.0,6.0,0.0,0.0,cift,1.0,1.0,1.0,kurucesme
"LINESTRING (27.1871026 38.3700424, 27.1871381 38.3698517, 27.187181 38.36951, 27.187181 38.3691714, 27.1872028 38.3688781)",,336.0,403.0,130.0,0.0,3000.0,tek,1.0,1.0,1.0,kurucesme
"LINESTRING (27.1854527 38.3677292, 27.1870712 38.3677853)",,344.0,346.0,141.0,0.0,6000.0,cift,1.0,1.0,1.0,kurucesme
"LINESTRING (27.1870712 38.3677853, 27.1870717 38.3677604, 27.1870824 38.3677299, 27.1870978 38.3677023, 27.1871216 38.3676758, 27.1871471 38.3676576, 27.1871806 38.36764, 27.1872152 38.3676298, 27.1872497 38.3676241)",,346.0,347.0,26.0,0.0,0.0,tek,1.0,1.0,1.0,kurucesme
"LINESTRING (27.1872497 38.3676241, 27.1873245 38.3676283)",,347.0,348.0,7.0,0.0,0.0,tek,1.0,1.0,1.0,kurucesme
"LINESTRING (27.1873245 38.3676283, 27.1873931 38.3676557, 27.187422 38.3676743, 27.1874458 38.3676983, 27.1874608 38.3677251, 27.1874686 38.3677487, 27.1874741 38.36778)",,348.0,349.0,23.0,0.0,0.0,tek,1.0,1.0,1.0,kurucesme
"LINESTRING (27.1874741 38.36778, 27.1882209 38.3678127)",,349.0,350.0,65.0,0.0,6000.0,cift,1.0,1.0,1.0,kurucesme
"LINESTRING (27.1870712 38.3677853, 27.1870771 38.3678188, 27.1871083 38.3678716, 27.1871566 38.3679068, 27.1872632 38.3679373)",,405.0,346.0,26.0,0.0,0.0,tek,1.0,1.0,1.0,kurucesme
"LINESTRING (27.1872632 38.3679373, 27.1873007 38.367936, 27.1873437 38.3679289)",,406.0,405.0,7.0,0.0,0.0,tek,1.0,1.0,1.0,kurucesme
"LINESTRING (27.1873437 38.3679289, 27.1874041 38.3679017, 27.1874316 38.3678801, 27.1874484 38.367857, 27.1874638 38.3678252, 27.1874741 38.36778)",,349.0,406.0,21.0,0.0,0.0,tek,1.0,1.0,1.0,kurucesme
"LINESTRING (27.1872632 38.3679373, 27.1872728 38.3682454, 27.1872028 38.3688781)",,403.0,405.0,105.0,0.0,0.0,tek,1.0,1.0,1.0,kurucesme
"LINESTRING (27.1872732 38.3688782, 27.1873184 38.3682481, 27.1873437 38.3679289)",,406.0,404.0,106.0,0.0,3000.0,tek,1.0,1.0,1.0,kurucesme
"LINESTRING (27.1872497 38.3676241, 27.1872888 38.3667195)",,347.0,262.0,101.0,0.0,0.0,tek,1.0,1.0,1.0,kurucesme
"LINESTRING (27.1873245 38.3676283, 27.187351 38.3667212)",,263.0,348.0,101.0,1400.0,0.0,tek,1.0,1.0,1.0,kurucesme
"LINESTRING (27.1872105 38.3700447, 27.1871931 38.3701308)",Çizgi 70,335.0,248.0,10.0,0.0,0.0,tek,1.0,1.0,1.0,kurucesme
"LINESTRING (27.1871931 38.3701308, 27.1870841 38.3701325)",Çizgi 71,248.0,249.0,10.0,0.0,0.0,tek,1.0,1.0,1.0,kurucesme
"LINESTRING (27.1870841 38.3701325, 27.1871026 38.3700424)",Çizgi 72,249.0,336.0,10.0,0.0,0.0,tek,1.0,1.0,1.0,kurucesme
