WKT,ad,adet,tip
"POINT (27.1911817 38.3718779)",203/38. Sk. No:7,1.0,1.0
"POINT (27.1906325 38.3719288)",203/38. Sk. No:10,2.0,1.0
"POINT (27.1894732 38.3720691)",203/38. Sk. No:32,1.0,1.0
"POINT (27.1885698 38.3721507)",203/38. Sk. No:43,2.0,1.0
"POINT (27.1899365 38.3720086)",203/38. Sk. No:25,2.0,1.0
"POINT (27.1901216 38.3725185)",Hoca Ahmet Yesevi Cd. 168 B,1.0,1.0
"POINT (27.1924955 38.3721573)",Hoca Ahmet Yesevi Cd. No:212,1.0,1.0
"POINT (27.1916424 38.3736249)",203/31. Sk. No:3,2.0,1.0
"POINT (27.1898122 38.366815)",205/16. Sokak No:30,2.0,1.0
"POINT (27.1910854 38.3693459)",203/10. Sk. No:27,1.0,1.0
"POINT (27.1910621 38.3723062)",Hoca Ahmet Yesevi Cd. No:196,1.0,1.0
"POINT (27.1900394 38.3693873)",203/10. Sk. No:51,2.0,1.0
"POINT (27.1916861 38.3693146)",203/10. Sk. No:11,1.0,1.0
"POINT (27.1922859 38.3689187)",205/4. Sk. No:2,2.0,1.0
"POINT (27.1937848 38.3696292)",205/36. Sk. No:12,2.0,1.0
"POINT (27.1944255 38.3704974)",203/25. Sk. no:5,2.0,1.0
"POINT (27.1939845 38.3714077)",203/3. Sk. No:4,1.0,1.0
"POINT (27.1933584 38.3713429)",203/15. Sk. No:6,2.0,1.0
"POINT (27.1937761 38.3718509)",203/4. Sk. No:3,2.0,1.0
"POINT (27.1965949 38.3657269)",205/35. Sk. No:13,1.0,1.0
"POINT (27.1960006 38.3657381)",205/35. Sk. No:7,1.0,1.0
"POINT (27.1909379 38.3739003)",Hacı Bektaş Veli Sok. No:32,2.0,1.0
"POINT (27.1908407 38.3727378)",Hacı Bektaş Veli Sokağı Park Önü,2.0,1.0
"POINT (27.1906038 38.3731903)",202/50. Sk. No:19,1.0,1.0
"POINT (27.1921343 38.3731318)",203/52. Sokak,3.0,1.0
"POINT (27.1891949 38.3740584)",202/5. Sk. No:20,2.0,1.0
"POINT (27.1904437 38.3744117)",202. Sk. No:26,1.0,1.0
"POINT (27.1903038 38.3741226)",202. Sk. No:35,1.0,1.0
"POINT (27.1911583 38.3753933)",201/2. Sk. No:11,2.0,1.0
"POINT (27.1906999 38.3757916)",202/3. Sk. No:4,1.0,1.0
"POINT (27.1906163 38.3756474)",202/3. Sk. No:10,1.0,1.0
"POINT (27.1904803 38.3754007)",202/3. Sk. No:16,1.0,1.0
"POINT (27.1928109 38.3713586)",205. Sk. No:10,3.0,1.0
"POINT (27.1926156 38.3718317)",205/1. Sk. No:3,2.0,1.0
"POINT (27.1911425 38.3716772)",205/1. Sk. No:16,2.0,1.0
"POINT (27.1907384 38.371691)",205/1. Sk. No:21,1.0,1.0
"POINT (27.190435 38.3717061)",205/1. Sk. No:23,2.0,1.0
"POINT (27.187461 38.3710342)",206/55. Sk No:3,2.0,1.0
"POINT (27.1917372 38.3712526)",203/37. Sk. 11 A,1.0,1.0
"POINT (27.1907926 38.3707083)",203/28. Sk. No:22,3.0,1.0
"POINT (27.1886531 38.3708575)",203/28. Sk. No:28,1.0,1.0
"POINT (27.1894764 38.3706943)",203/28. Sk. No:17,1.0,1.0
"POINT (27.189976 38.3656209)",205/27. Sk. No:50,2.0,1.0
"POINT (27.1912401 38.3666978)",205/27. Sk. No:20,3.0,1.0
"POINT (27.1902048 38.3657728)",205/27. Sk. 9/5,3.0,1.0
"POINT (27.1896031 38.366654)",205/16. Sokak,3.0,1.0
"POINT (27.1950446 38.3685063)",203/47. Sk. No:2,4.0,1.0
"POINT (27.1919393 38.3661181)",205/52. Sk. No:4,3.0,1.0
"POINT (27.1925331 38.3660022)",205/52. Sk. No:11 D:a,3.0,1.0
"POINT (27.1961529 38.3647754)",205/2. Sk. No:85,2.0,1.0
"POINT (27.1955946 38.3649796)",205/2. Sk. No:79,1.0,1.0
"POINT (27.1950359 38.3651938)",205/2. Sk. No:73,1.0,1.0
"POINT (27.1944743 38.365376)",205/2. Sk. No:65,2.0,1.0
"POINT (27.1936935 38.3663284)",205/39. Sk. No:13,2.0,1.0
"POINT (27.1927169 38.3661721)",205/51. Sk. 11A,2.0,1.0
"POINT (27.1927525 38.3666487)",205/51. Sokak,2.0,1.0
"POINT (27.1956395 38.3664527)",205/8. Sk. No:22,3.0,1.0
"POINT (27.195767 38.3667486)",205/21. Sokak,3.0,1.0
"POINT (27.1931043 38.3673369)",205/3. Sk. No:21,3.0,1.0
"POINT (27.1948899 38.3658349)",205/31. Sk. No:14,2.0,1.0
"POINT (27.1974098 38.3660848)",205/12. Sk. No:14,2.0,1.0
"POINT (27.197582 38.366235)",205/12. Sokak,1.0,1.0
"POINT (27.1980471 38.3660072)",205/59. Sk. No:5,3.0,1.0
"POINT (27.1967556 38.3663922)",205/10. Sk. No:12,2.0,1.0
"POINT (27.1964487 38.365297)",205/10. Sk. No:37,3.0,1.0
"POINT (27.1967218 38.367073)",205/10. Sk. No:5,3.0,1.0
"POINT (27.196696 38.3655754)",205/10. Sk. 22-24,1.0,1.0
"POINT (27.1955778 38.3660679)",205/11. Sk. No:29,1.0,1.0
"POINT (27.1962104 38.3663783)",205/29. Sk. No:9,1.0,1.0
"POINT (27.195243 38.3673486)",205/7. Sk. No:6,2.0,1.0
"POINT (27.1953974 38.3661695)",205/7. Sk. No:21,1.0,1.0
"POINT (27.192358 38.3682723)",205/17. Sk. No:24,3.0,1.0
"POINT (27.1896899 38.3716392)",203/40. Sk. No:2,1.0,1.0
"POINT (27.1888486 38.3718265)",203/40. Sk. No:12,2.0,1.0
"POINT (27.1886281 38.3716437)",203/40. Sk. No:18,1.0,1.0
"POINT (27.1884958 38.3713166)",203/40. Sk. No:28,2.0,1.0
"POINT (27.1884197 38.3711072)",203/40. Sk. No:36,1.0,1.0
"POINT (27.1882656 38.3707319)",203/40. Sk. No:15,2.0,1.0
"POINT (27.1918461 38.3708879)",203/35. Sk. No:13,1.0,1.0
"POINT (27.1922315 38.3708799)",203/35. Sk. No:7,1.0,1.0
"POINT (27.1969568 38.3680481)",Doğuş Cd. No:246,1.0,2.0
"POINT (27.1965503 38.3685606)",Doğuş Cd. No:234,1.0,2.0
"POINT (27.191428 38.3759501)",Doğuş Cd. No:62,1.0,2.0
"POINT (27.1913811 38.3661874)",205/52. Sk. 2A,1.0,1.0
"POINT (27.1911565 38.3661722)",205/52. Sokak,2.0,1.0
"POINT (27.1922462 38.3672997)",205/27. Sk. No:4,4.0,1.0
"POINT (27.1967577 38.3646991)",205/2. Sk. 89-2,1.0,1.0
"POINT (27.197251 38.3654222)",205/7. Sk. No:49,2.0,1.0
"POINT (27.197187 38.3652115)",205/7. Sk. No:45,2.0,1.0
"POINT (27.1913107 38.3709269)",203/35. Sk. No:17,2.0,1.0
"POINT (27.1940303 38.3703449)",203/20. Sk. No:23,2.0,1.0
"POINT (27.1910196 38.3741721)",Hacı Bektaş Veli Sok. No:42,,
"POINT (27.1888155 38.3735852)",202/50. Sk. No:7,1.0,1.0
"POINT (27.1903499 38.3749412)",202/3. Sk. No:17,2.0,1.0
"POINT (27.1928497 38.3697808)",205. Sk. No:1,2.0,1.0
"POINT (27.1878041 38.36591)",205. Sk. No:90,1.0,1.0
"POINT (27.193126 38.3706641)",205. Sk. No:18,2.0,1.0
"POINT (27.1925151 38.3687783)",205. Sk. No:35,1.0,1.0
"POINT (27.1896522 38.3659661)",205. Sk. No:86,1.0,1.0
"POINT (27.1822866 38.3663829)",200/70. Sk. No:7,2.0,1.0
"POINT (27.1823825 38.3664213)",200/70. Sk. No:3,3.0,1.0
"POINT (27.1841186 38.3660524)",1413. Sk. Park Yanı,2.0,1.0
"POINT (27.1819943 38.3681648)",1413. Sk. No:10,1.0,2.0
"POINT (27.1826251 38.3673768)",1413. Sokak NO:10-12 ARASI
,1.0,2.0
"POINT (27.1854273 38.3656753)",1413. Sk. No:37,1.0,1.0
"POINT (27.1830202 38.3666322)",1413. Sk. No:7/B,2.0,1.0
"POINT (27.1853999 38.3686573)",1406. Sk. No:16,2.0,1.0
"POINT (27.1855472 38.3671191)",1406. Sokak Oluşum Sitesi ,2.0,1.0
"POINT (27.1909441 38.3670047)",205. Sk. 68 A,1.0,1.0
"POINT (27.1908587 38.3669223)",205. Sk. No:72,2.0,1.0
"POINT (27.1915296 38.3673913)",205. Sk. 53-1,1.0,1.0
"POINT (27.1974897 38.366167)",205/12. Sk. No:8,1.0,1.0
"POINT (27.1954424 38.3659007)",205/7. Sk. No:24,2.0,1.0
"POINT (27.1881535 38.3668085)",1409. Sk. No:32,1.0,1.0
"POINT (27.1886245 38.3670927)",1409. Sk. No:34,2.0,1.0
"POINT (27.1895413 38.3679154)",1409. Sk. No:40,1.0,1.0
"POINT (27.1847198 38.3671802)",1415. Sk. No:6 D:a,1.0,1.0
"POINT (27.1853094 38.3672114)",1415. Sk. No:8,1.0,1.0
"POINT (27.183574 38.3679519)",1402. Sokak,1.0,1.0
"POINT (27.1835633 38.3682505)",1402. Sokak,2.0,1.0
"POINT (27.1881531 38.369434)",1412. Sk. No:3,1.0,1.0
"POINT (27.1881597 38.3691989)",1412. Sk. No:5,1.0,1.0
"POINT (27.1881552 38.3692992)",1412. Sk. No:6,1.0,1.0
"POINT (27.1882056 38.3682873)",1412. Sk. No:8,1.0,1.0
"POINT (27.1882002 38.3682305)",1412. Sk. No:8/A,1.0,1.0
"POINT (27.1881411 38.3695639)",1412. Sk. No:4,2.0,1.0
"POINT (27.1882053 38.3681041)",1412. Sk. No:10,1.0,1.0
"POINT (27.1936047 38.3732512)",BUCA ORMAN İŞLETME KARŞISI,2.0,2.0
"POINT (27.1920693 38.3752391)",Dominos Önü,2.0,1.0
"POINT (27.19286 38.3742258)",Tarık Akan Taksi D. Önü,2.0,1.0
"POINT (27.1924393 38.3747715)",Tarık Akan Gençlik M. Önü,2.0,1.0
"POINT (27.1979017 38.3671351)",No:308,2.0,1.0
"POINT (27.1941143 38.3722729)",Hoca Ahmet Yesevi Cd. No:222,1.0,2.0
"POINT (27.1932471 38.372215)",Hoca Ahmet Yesevi Cd. No:207,1.0,2.0
"POINT (27.1921107 38.3721502)",Hoca Ahmet Yesevi Cd. No:199,1.0,2.0
"POINT (27.1889505 38.3726211)",Hoca Ahmet Yesevi Cd. 152-1,1.0,2.0
"POINT (27.1918697 38.3742987)",201/4. Sokak,2.0,1.0
"POINT (27.1926818 38.3692794)",205. Sk. No:29,1.0,1.0
"POINT (27.1919505 38.367956)",205. Sk. No:47,2.0,1.0
"POINT (27.1932746 38.3702404)",203/2 sk Tınaztepe Hastanesi,6.0,1.0
"POINT (27.1863523 38.3666767)",1409. Sk. No:13,3.0,1.0
"POINT (27.1856953 38.3666843)",1409. Sk. No:11,1.0,1.0
"POINT (27.1844565 38.3668018)",1409. Sk. No:18,3.0,1.0
"POINT (27.1884876 38.3669855)",1409. Sk. No:19,1.0,1.0
"POINT (27.1898334 38.3689141)",1409. Sk. No:68,1.0,1.0
"POINT (27.1841184 38.3675988)",MM Migros,1.0,2.0
"POINT (27.1914559 38.3674881)",205/19. Sk. No:10,4.0,1.0
"POINT (27.184465 38.3676991)",1405. Sk. No:19B,1.0,2.0
"POINT (27.185644 38.3677287)",1405. Sk. no:11/E,1.0,2.0
"POINT (27.1866227 38.3677683)",1405. Sk. No:4,1.0,2.0
"POINT (27.1875819 38.3677859)",1407. Sk. No:2,1.0,2.0
"POINT (27.1881845 38.3678104)",1407. Sokak No:3,1.0,2.0
"POINT (27.189154 38.368828)",1403. Sk. No:21,1.0,2.0
"POINT (27.1880332 38.3688721)",1403. Sk. No:34,1.0,2.0
"POINT (27.1836107 38.3686882)",1403. Sk. no 3,1.0,2.0
"POINT (27.1829104 38.3689027)",1416. Sk. No:7,1.0,2.0
"POINT (27.1872513 38.3693471)",1408. Sk. No:4,1.0,2.0
"POINT (27.1871784 38.3694234)",1408. Sk. No:7,1.0,2.0
"POINT (27.1873368 38.3680182)",1408. Sk. No:2,1.0,2.0
"POINT (27.1931212 38.3698559)",Ahmet Piriştina Blv No:9,1.0,2.0
"POINT (27.1828855 38.3693315)",1416. Sk. No:1,1.0,2.0
"POINT (27.1863413 38.3700216)",Ahmet Piriştina Blv No:38,1.0,2.0
"POINT (27.1875407 38.3700222)",Ahmet Piriştina Blv No:42,1.0,2.0
"POINT (27.1872239 38.370045)",Ahmet Piriştina Bulvarı,1.0,2.0
"POINT (27.1891417 38.3698815)",Ahmet Piriştina Blv No:48,1.0,2.0
"POINT (27.1906243 38.3698036)",Ahmet Piriştina Blv No:54/A,1.0,2.0
"POINT (27.1911026 38.369806)",Ahmet Piriştina Blv No:56/B,1.0,2.0
"POINT (27.1916278 38.3698202)",Ahmet Piriştina Blv No:60,1.0,2.0
"POINT (27.194167 38.3700367)",Ahmet Piriştina Blv No:72,1.0,2.0
"POINT (27.1927159 38.3677339)",205/3 sk no:22,1.0,2.0
"POINT (27.1941148 38.3681137)",205/6. Sk. No:8,1.0,2.0
"POINT (27.1951829 38.3679245)",205/6. Sokak,1.0,2.0
"POINT (27.1934526 38.3690049)",205/2. Sk. No:10,1.0,2.0
"POINT (27.1953527 38.3656204)",205/31. Sk. No:44,2.0,1.0
"POINT (27.1873373 38.3672683)",1410. Sk. No:1,1.0,1.0
"POINT (27.1873425 38.3671016)",1410. Sk. No:3,1.0,1.0
"POINT (27.19453 38.372109)",coffy önü,2.0,1.0
