WKT,ad,yol_adi,from_node,to_node,uzunluk,tip1_talep,tip2_talep,yon,avg297_sefer1_service,avg297_sefer1_sira,ayt275_sefer1_service,ayt275_sefer1_sira,avg_gecis,ayt_gecis,azu_gecis,mahalle
"LINESTRING (27.1875887 38.3716946, 27.1879074 38.3716308)",,206/53 sk.,243,328,29,0,0,cift,0,0,0,0,1,1,1,kurucesme
"LINESTRING (27.1875887 38.3716946, 27.1875158 38.3715749, 27.1874628 38.371505, 27.1873542 38.3713983, 27.1872979 38.3712874, 27.1872743 38.3712046, 27.1872911 38.371111, 27.1873038 38.3710955, 27.187324 38.3710818, 27.1873947 38.371051, 27.187688 38.3709722)",,206/50 sk.,243,244,111,1400,0,cift,0,0,0,0,1,1,1,kurucesme
"LINESTRING (27.1876882 38.3709725, 27.1879074 38.3716308)",,206/52 sk.,244,328,76,0,0,cift,0,0,0,0,1,1,1,kurucesme
"LINESTRING (27.1876882 38.3709725, 27.1880015 38.370898)",,206/55 sk.,244,245,29,0,0,cift,0,0,0,0,1,1,1,kurucesme
"LINESTRING (27.1880015 38.370898, 27.1882763 38.3715437)",,206/54 sk.,245,327,76,0,0,cift,0,0,0,0,1,1,1,kurucesme
"LINESTRING (27.1879074 38.3716308, 27.1882763 38.3715437)",,206/53 sk.,327,328,34,0,0,cift,0,0,0,0,1,1,1,kurucesme
"LINESTRING (27.1875887 38.3716946, 27.1876637 38.3719601)",,206/50 sk.,242,243,30,0,0,cift,0,0,0,0,1,1,1,kurucesme
"LINESTRING (27.1882763 38.3715437, 27.1883799 38.3717866)",,206/54 sk.,326,327,29,0,0,cift,0,0,0,0,1,1,1,kurucesme
"LINESTRING (27.1876637 38.3719601, 27.1883799 38.3717866)",,206/51 sk.,242,326,65,0,0,cift,0,0,0,0,1,1,1,kurucesme
"LINESTRING (27.1876637 38.3719601, 27.1876604 38.3720423, 27.1877363 38.3723453)",,206/50 sk.,241,242,44,0,0,cift,0,0,0,0,1,1,1,kurucesme
"LINESTRING (27.1877363 38.3723453, 27.18791 38.37275)",,206/50 sk.,63,241,48,0,0,cift,0,0,0,0,1,1,1,kurucesme
"LINESTRING (27.1880015 38.370898, 27.1883022 38.3708236)",,206/55 sk.,245,246,28,0,0,cift,0,0,0,0,1,1,1,kurucesme
"LINESTRING (27.1883022 38.3708236, 27.1883487 38.3709165)",,206/40 sk.,246,329,11,0,0,cift,0,0,0,0,1,1,1,kurucesme
"LINESTRING (27.1877363 38.3723453, 27.1883294 38.3721921, 27.1885311 38.3721526)",,203/38 sk.,240,241,73,0,0,cift,0,0,0,0,1,1,1,kurucesme
"LINESTRING (27.1883799 38.3717866, 27.1884464 38.3718799, 27.1885311 38.3721526)",,206/54 sk.,240,326,43,0,0,cift,0,0,0,0,1,1,1,kurucesme
"LINESTRING (27.1882763 38.3715437, 27.1885429 38.3714498)",,206/53 sk.,325,327,26,0,0,cift,0,0,0,0,1,1,1,kurucesme
"LINESTRING (27.1883487 38.3709165, 27.1885429 38.3714498)",,203/40 sk.,325,329,62,2100,0,cift,0,0,0,0,1,1,1,kurucesme
"LINESTRING (27.1885429 38.3714498, 27.1886933 38.3717971, 27.1887105 38.3718229, 27.1887255 38.3718366, 27.188739 38.3718419, 27.1887544 38.3718447, 27.1887738 38.3718434, 27.1891799 38.3717387, 27.1893497 38.3716901)",,203/40 sk.,324,325,104,2100,0,cift,0,0,0,0,1,1,1,kurucesme
"LINESTRING (27.1883487 38.3709165, 27.1887546 38.3708065, 27.1888458 38.3707713, 27.188941 38.370751, 27.1893246 38.3706944)",,203/28 sk.,329,330,89,700,0,cift,0,0,0,0,1,1,1,kurucesme
"LINESTRING (27.1893497 38.3716901, 27.1892797 38.3714154, 27.1892569 38.3711583, 27.1893246 38.3706944)",,203/42 sk.,324,330,112,0,0,cift,0,0,0,0,1,1,1,kurucesme
"LINESTRING (27.1893246 38.3706944, 27.1900003 38.3707055)",,203/28 sk.,330,331,59,700,0,cift,0,0,0,0,1,1,1,kurucesme
"LINESTRING (27.189931 38.3709999, 27.1900003 38.3707055)",,203/42 sk.,331,397,33,0,0,cift,0,0,0,0,1,1,1,kurucesme
"LINESTRING (27.1893497 38.3716901, 27.1898017 38.3715976)",,203/40 sk.,323,324,41,700,0,cift,0,0,0,0,1,1,1,kurucesme
"LINESTRING (27.1898017 38.3715976, 27.189931 38.3709999)",,203/42 sk.,323,397,67,0,0,cift,0,0,0,0,1,1,1,kurucesme
"LINESTRING (27.189931 38.3709999, 27.1904973 38.371006)",,203/35 sk.,397,398,49,0,0,cift,0,0,0,0,1,1,1,kurucesme
"LINESTRING (27.1905215 38.3717006, 27.1904973 38.371006)",,203/42 sk.,396,398,77,0,0,cift,0,0,0,0,1,1,1,kurucesme
"LINESTRING (27.1904973 38.371006, 27.1916992 38.3708891)",,203/35 sk.,398,399,106,1400,0,cift,0,0,0,0,1,1,1,kurucesme
"LINESTRING (27.1900003 38.3707055, 27.1916855 38.3706203)",,203/28 sk.,331,400,147,2100,0,cift,0,0,0,0,1,1,1,kurucesme
"LINESTRING (27.1916992 38.3708891, 27.1916855 38.3706203)",,203/37 sk.,399,400,30,0,0,cift,0,0,0,0,1,1,1,kurucesme
"LINESTRING (27.1905215 38.3717006, 27.1912415 38.3716695, 27.1916525 38.3716274)",,205/1 sk.,389,396,99,2100,0,cift,0,0,0,0,1,1,1,kurucesme
"LINESTRING (27.1916209 38.371862, 27.1916525 38.3716274)",,203/37 sk.,389,390,26,0,0,cift,0,0,0,0,1,1,1,kurucesme
"LINESTRING (27.1910668 38.3718872, 27.1916209 38.371862)",,203/38 sk.,430,390,48,700,0,cift,0,0,0,0,1,1,1,kurucesme
"LINESTRING (27.190419 38.3719497, 27.1910668 38.3718872)",,203/38 sk.,320,430,57,1400,0,cift,0,0,0,0,1,1,1,kurucesme
"LINESTRING (27.1911572 38.3722752, 27.1910668 38.3718872)",,203/48 sk.,392,430,44,0,0,cift,0,0,0,0,1,1,1,kurucesme
"LINESTRING (27.1916028 38.3721771, 27.1916209 38.371862)",,203/37 sk.,390,391,35,0,0,cift,0,0,0,0,1,1,1,kurucesme
"LINESTRING (27.1917686 38.3716146, 27.1916992 38.3708891)",,203/37 sk.,388,399,81,700,0,cift,0,0,0,0,1,1,1,kurucesme
"LINESTRING (27.1916992 38.3708891, 27.1920495 38.3708881)",,203/35 sk.,399,434,31,700,0,cift,0,0,1,7,0,1,0,kurucesme
"LINESTRING (27.1920495 38.3708881, 27.1925032 38.3708727)",,203/35 sk.,434,437,40,700,0,cift,0,0,1,8,0,1,0,kurucesme
"LINESTRING (27.1925032 38.3708727, 27.1930251 38.3709013)",,203/35 sk.,384,437,46,0,0,cift,0,0,0,0,1,1,0,kurucesme
"LINESTRING (27.1929394 38.3711055, 27.1930251 38.3709013)",,205 sk.,384,385,24,0,0,cift,0,0,0,0,1,1,1,kurucesme
"LINESTRING (27.1928652 38.371199, 27.1929394 38.3711055)",,205 sk.,385,386,12,0,0,cift,0,0,0,0,1,1,1,kurucesme
"LINESTRING (27.1929382 38.3718764, 27.1928119 38.3716742, 27.1927918 38.3715049, 27.1927838 38.3714239, 27.1928652 38.371199)",,205 sk.,386,387,79,2100,0,cift,0,0,0,0,1,1,1,kurucesme
"LINESTRING (27.1929382 38.3718764, 27.1930406 38.3717709, 27.1931398 38.3717015, 27.1931707 38.3716679, 27.1932693 38.3714909)",,203/15 sk.,387,431,52,0,0,cift,0,0,0,0,1,1,1,kurucesme
"LINESTRING (27.1932693 38.3714909, 27.1934038 38.3712677)",,203/15 sk,431,432,27,1400,0,cift,0,0,1,13,0,1,0,kurucesme
"LINESTRING (27.1934038 38.3712677, 27.1935796 38.3713)",,203/3 sk.,432,433,16,0,0,cift,0,0,0,0,1,1,1,kurucesme
"LINESTRING (27.1929394 38.3711055, 27.1934038 38.3712677)",,203/3 sk.,385,432,44,0,0,cift,0,0,0,0,1,1,1,kurucesme
"LINESTRING (27.1932693 38.3714909, 27.1936644 38.3716394, 27.1937556 38.3716809, 27.1938891 38.3717386, 27.1939287 38.3717595)",,203/6 sk.,301,431,65,0,0,cift,0,0,0,0,1,1,1,kurucesme
"LINESTRING (27.1930251 38.3709013, 27.1931324 38.3706497)",,205 sk.,383,384,30,1400,0,cift,1,50,0,0,1,1,1,kurucesme
"LINESTRING (27.1931324 38.3706497, 27.1934038 38.3707781, 27.1937698 38.3708804)",,203/1 sk.,297,383,62,0,0,cift,0,0,0,0,1,1,1,kurucesme
"LINESTRING (27.1935796 38.3713, 27.1937698 38.3708804)",,203/20 sk.,297,433,50,0,0,cift,0,0,0,0,1,1,1,kurucesme
"LINESTRING (27.1935796 38.3713, 27.1939127 38.3713863, 27.1942413 38.3714726)",,203/3 sk.,299,433,61,700,0,cift,0,0,1,12,0,1,0,kurucesme
"LINESTRING (27.1937698 38.3708804, 27.1943795 38.3710345)",,203/1 sk.,297,298,56,0,0,cift,0,0,0,0,1,1,1,kurucesme
"LINESTRING (27.1942413 38.3714726, 27.1942095 38.371591)",,203/4 sk.,299,300,13,0,0,cift,0,0,0,0,1,1,1,kurucesme
"LINESTRING (27.1942413 38.3714726, 27.1943795 38.3710345)",,203/4 sk.,298,299,50,0,0,cift,0,0,0,0,1,1,1,kurucesme
"LINESTRING (27.1939287 38.3717595, 27.1942095 38.371591)",,203/4 sk.,300,301,31,0,0,cift,0,0,0,0,1,1,1,kurucesme
"LINESTRING (27.1942095 38.371591, 27.1947172 38.3718257)",,203/21 sk.,225,300,51,0,0,cift,0,0,0,0,1,1,1,kurucesme
"LINESTRING (27.193272 38.3722172, 27.1934735 38.3720196, 27.1939287 38.3717595)",,203/4 sk.,301,303,77,1400,0,cift,0,0,1,14,0,1,0,kurucesme
"LINESTRING (27.1929382 38.3718764, 27.1930836 38.3722019)",,205 sk.,304,387,38,0,0,cift,0,0,0,0,1,1,1,kurucesme
"LINESTRING (27.1930836 38.3722019, 27.193272 38.3722172)",,Hoca Ahmet Yesevi Cd.,303,304,17,0,3000,cift,0,0,0,0,1,1,1,kurucesme
"LINESTRING (27.1937698 38.3708804, 27.1940191 38.3703876)",,203/20 sk.,296,297,59,0,0,cift,0,0,0,0,1,1,1,kurucesme
"LINESTRING (27.1943782 38.3710312, 27.1950147 38.3711632)",,203/1 sk.,224,298,57,0,0,cift,0,0,0,0,1,1,1,kurucesme
"LINESTRING (27.1940191 38.3703876, 27.1951875 38.3706995)",,203/25 sk.,223,296,108,1400,0,cift,0,0,1,10,0,1,0,kurucesme
"LINESTRING (27.1916855 38.3706203, 27.1917042 38.3703701)",,203/37 sk.,400,401,28,0,0,cift,0,0,0,0,1,1,1,kurucesme
"LINESTRING (27.1917042 38.3703701, 27.1917229 38.369919)",,203/37 sk.,401,402,50,0,0,cift,0,0,0,0,1,1,1,kurucesme
"LINESTRING (27.1931324 38.3706497, 27.1932361 38.3704181)",,205 sk.,382,383,27,0,0,cift,0,0,0,0,1,1,1,kurucesme
"LINESTRING (27.1932361 38.3704181, 27.1932723 38.370279, 27.193293 38.3701396, 27.1932873 38.3699882)",,205 sk.,381,382,48,4200,0,cift,1,49,0,0,1,1,1,kurucesme
"LINESTRING (27.1917042 38.3703701, 27.1922805 38.3703921, 27.1929792 38.3704115, 27.1932361 38.3704181)",,203/32 sk.,382,401,134,0,0,cift,0,0,0,0,1,1,1,kurucesme
"LINESTRING (27.1940191 38.3703876, 27.1940939 38.3700976)",,203/20 sk.,295,296,33,1400,0,cift,0,0,1,11,0,1,0,kurucesme
"LINESTRING (27.1908645 38.3728826, 27.1907788 38.3723874)",,Hacı Bektas Veli Sk.,317,318,56,1400,0,cift,0,0,0,0,0,1,0,kurucesme
"LINESTRING (27.1886211 38.3726431, 27.1885311 38.3721526)",,206/54 sk.,239,240,55,0,0,cift,0,0,0,0,1,1,1,kurucesme
"LINESTRING (27.1904724 38.3724412, 27.190419 38.3719497)",,203/39 sk.,319,320,55,0,0,cift,0,0,0,0,1,1,1,kurucesme
"LINESTRING (27.1892203 38.3734965, 27.1892858 38.3736287, 27.1893662 38.3737286, 27.189536 38.3738866)",,202/3 sk.,237,238,52,0,0,cift,0,0,0,0,1,1,1,kurucesme
"LINESTRING (27.189536 38.3738866, 27.189667 38.373804, 27.1898158 38.3737504, 27.1901765 38.3736929)",,202/5 sk.,237,314,61,0,0,cift,0,0,0,0,1,1,1,kurucesme
"LINESTRING (27.1901765 38.3736929, 27.1901412 38.373264)",,202 sk.,314,315,48,0,0,cift,0,0,0,0,1,1,1,kurucesme
"LINESTRING (27.1892203 38.3734965, 27.1901412 38.373264)",,202/50 sk.,238,315,84,0,0,cift,0,0,0,0,0,1,0,kurucesme
"LINESTRING (27.1901412 38.373264, 27.1902984 38.3732272, 27.1909014 38.3731472)",,202/50 sk.,315,316,68,700,0,cift,0,0,0,0,0,1,0,kurucesme
"LINESTRING (27.1909014 38.3731472, 27.1908645 38.3728826)",,Hacı Bektas Veli Sk.,316,317,30,0,0,cift,0,0,0,0,1,1,1,kurucesme
"LINESTRING (27.190902 38.3732095, 27.1909014 38.3731472)",,Hacı Bektas Veli Sk.,316,393,7,0,0,cift,0,0,0,0,1,1,1,kurucesme
"LINESTRING (27.1909069 38.3735748, 27.190902 38.3732095)",,Hacı Bektas Veli Sk.,393,394,41,0,0,cift,0,0,0,0,1,1,1,kurucesme
"LINESTRING (27.1901765 38.3736929, 27.1909069 38.3735748)",,202/5 sk.,314,394,65,0,0,cift,0,0,0,0,1,1,1,kurucesme
"LINESTRING (27.1901765 38.3736929, 27.1902255 38.373944, 27.1903676 38.3742646, 27.1904977 38.3745089)",,202 sk.,313,314,96,1400,0,cift,0,0,0,0,0,1,0,kurucesme
"LINESTRING (27.189536 38.3738866, 27.1899152 38.374315, 27.1902515 38.3747729, 27.1903816 38.3749991)",,202/3 sk.,236,237,144,0,0,cift,0,0,0,0,0,1,0,kurucesme
"LINESTRING (27.1902636 38.375049, 27.1903816 38.3749991)",,201 sk.,235,236,12,0,0,cift,0,0,0,0,1,1,1,kurucesme
"LINESTRING (27.1903816 38.3749991, 27.1906826 38.3749247)",,201 sk.,236,312,28,0,0,cift,0,0,0,0,1,1,1,kurucesme
"LINESTRING (27.1909069 38.3735748, 27.1909478 38.3739445, 27.1910047 38.3743078)",,Hacı Bektas Veli Sk.,394,395,82,1400,0,cift,0,0,0,0,0,1,0,kurucesme
"LINESTRING (27.1909069 38.3735748, 27.191646 38.373526)",,202/5 sk.,308,394,65,0,0,cift,0,0,0,0,1,1,1,kurucesme
"LINESTRING (27.1904977 38.3745089, 27.1907569 38.3743922, 27.1908748 38.3743479, 27.1910047 38.3743078)",,201/4 sk.,313,395,50,0,0,cift,0,0,0,0,1,1,1,kurucesme
"LINESTRING (27.1904724 38.3724412, 27.1907788 38.3723874)",,Hoca Ahmet Yesevi Cd.,318,319,27,0,0,cift,0,0,0,0,1,1,1,kurucesme
"LINESTRING (27.1907788 38.3723874, 27.1911572 38.3722752)",,Hoca Ahmet Yesevi Cd.,318,392,35,700,0,cift,0,0,0,0,1,1,1,kurucesme
"LINESTRING (27.1923723 38.3721617, 27.1930836 38.3722019)",,Hoca Ahmet Yesevi Cd.,304,305,62,700,0,cift,0,0,0,0,1,1,1,kurucesme
"LINESTRING (27.1921549 38.3730764, 27.1922973 38.3729572, 27.1923756 38.3728102)",,203/52 sk.,306,307,36,0,0,cift,0,0,0,0,1,1,1,kurucesme
"LINESTRING (27.1923756 38.3728102, 27.1924172 38.3727639, 27.1924119 38.3726451, 27.1924132 38.3725851, 27.1923723 38.3721617)",,203/52 sk.,305,306,73,0,0,cift,0,0,0,0,1,1,1,kurucesme
"LINESTRING (27.1910047 38.3743078, 27.1916225 38.3742708)",,201/4 sk.,395,309,54,0,0,cift,0,0,0,0,1,1,1,kurucesme
"LINESTRING (27.1916225 38.3742708, 27.1916079 38.3741863, 27.1916039 38.3740565, 27.191646 38.373526)",,203/31 sk.,308,309,83,1400,0,cift,0,0,0,0,0,1,0,kurucesme
"LINESTRING (27.1904977 38.3745089, 27.1906826 38.3749247)",,202 sk.,312,313,49,0,0,cift,0,0,0,0,1,1,1,kurucesme
"LINESTRING (27.1906826 38.3749247, 27.1911111 38.3753035, 27.1912423 38.3753895)",,202 sk.,311,312,71,0,0,cift,0,0,0,0,1,1,1,kurucesme
"LINESTRING (27.1904429 38.375328, 27.190674 38.3753712, 27.1908101 38.3753922, 27.1909026 38.3753969, 27.1909931 38.3754011, 27.1912423 38.3753895)",,201/2 sk.,234,311,71,1400,0,cift,0,0,0,0,0,1,0,kurucesme
"LINESTRING (27.1902636 38.375049, 27.1904429 38.375328)",,202/3 sk.,234,235,35,0,0,cift,0,0,0,0,1,1,1,kurucesme
"LINESTRING (27.1904429 38.375328, 27.19069 38.3757782, 27.1908156 38.3760035, 27.1909492 38.3762262)",,202/3 sk.,233,234,109,2100,0,cift,0,0,0,0,0,1,0,kurucesme
"LINESTRING (27.1912423 38.3753895, 27.1915633 38.3757807, 27.1916109 38.3758225)",,202 sk.,232,311,58,0,0,cift,0,0,0,0,1,1,1,kurucesme
"LINESTRING (27.1910047 38.3743078, 27.1910755 38.3744784, 27.1912372 38.3747316, 27.1913885 38.3749264, 27.1917791 38.3752975, 27.1919134 38.3754144)",,Hacı Bektas Veli Sk.,231,395,148,0,0,cift,0,0,0,0,1,1,1,kurucesme
"LINESTRING (27.1916225 38.3742708, 27.1917363 38.3746727)",,203/31 sk.,309,310,46,0,0,cift,0,0,0,0,1,1,1,kurucesme
"LINESTRING (27.1917363 38.3746727, 27.1918522 38.3746973, 27.1924182 38.3748001)",,,229,310,61,0,0,cift,0,0,0,0,1,1,1,kurucesme
"LINESTRING (27.1917363 38.3746727, 27.1917817 38.3748365, 27.1918045 38.3748775, 27.1919017 38.3749826, 27.1921118 38.3751886)",,203/31 sk.,230,310,67,0,0,cift,0,0,0,0,1,1,1,kurucesme
"LINESTRING (27.1916225 38.3742708, 27.1920201 38.3743167, 27.1926993 38.3744204)",,201/4 sk.,228,309,95,1400,0,cift,0,0,0,0,0,1,0,kurucesme
"LINESTRING (27.1905241 38.3660351, 27.190577 38.366011, 27.1906722 38.3659881, 27.1907054 38.3659849, 27.1907979 38.3659857, 27.1909173 38.3659915, 27.1909971 38.3659926, 27.1910346 38.3659986, 27.1910752 38.3660191, 27.1910903 38.366042, 27.1911009 38.366099, 27.1911129 38.3661336, 27.1911355 38.3661602, 27.191164 38.366178, 27.19121 38.3661899, 27.1912338 38.3662014)",,,205,206,77,3500,0,cift,1,10,0,0,1,1,1,kurucesme
"LINESTRING (27.1908376 38.3663476, 27.1910771 38.3662412, 27.1912309 38.3662023)",,205/52 sk.,206,269,38,0,0,cift,0,0,0,0,1,1,1,kurucesme
"LINESTRING (27.1901568 38.3670807, 27.1894878 38.3665559)",,205/16 sk.,265,352,147,3500,0,cift,0,0,1,3,0,1,0,kurucesme
"LINESTRING (27.1912309 38.3662023, 27.1913975 38.3661845, 27.1919168 38.3661209, 27.1921507 38.3660926)",,205/52 sk.,206,207,81,2800,0,cift,1,9,0,0,1,1,1,kurucesme
"LINESTRING (27.1921507 38.3660926, 27.192271 38.3660735, 27.192697 38.3659582)",,205/52 sk.,207,208,50,2100,0,cift,1,11,0,0,1,1,1,kurucesme
"LINESTRING (27.1908376 38.3663476, 27.1909953 38.366501, 27.1912595 38.3667144, 27.191368 38.3667887)",,205/27 sk.,269,270,68,2100,0,cift,0,0,1,2,0,1,0,kurucesme
"LINESTRING (27.1910387 38.3670973, 27.191368 38.3667887)",,,270,354,45,0,0,cift,0,0,0,0,1,1,1,kurucesme
"LINESTRING (27.1910387 38.3670973, 27.1916049 38.3674365)",,205 sk.,354,355,62,700,0,cift,1,8,0,0,1,1,1,kurucesme
"LINESTRING (27.191368 38.3667887, 27.1918187 38.3670256, 27.1922855 38.3673133, 27.192495 38.3674693)",,205/27 sk.,270,271,124,2800,0,cift,1,15,0,0,1,1,1,kurucesme
"LINESTRING (27.1927245 38.3662968, 27.192697 38.3659582)",,,208,274,38,1400,0,cift,1,13,0,0,1,1,1,kurucesme
"LINESTRING (27.1927245 38.3662968, 27.1927156 38.3663249, 27.1927142 38.3663853, 27.1927249 38.3664647, 27.1927417 38.3665504, 27.1927491 38.3666907, 27.1927357 38.3668785, 27.1927287 38.3669119, 27.1927285 38.366972)",,,273,274,76,1400,0,cift,1,14,0,0,1,1,1,kurucesme
"LINESTRING (27.192495 38.3674693, 27.1927557 38.3670746)",,205/51 sk.,271,272,49,0,0,cift,0,0,0,0,1,1,1,kurucesme
"LINESTRING (27.1927557 38.3670746, 27.1931509 38.3671704, 27.1932668 38.3672133)",,205/20 sk.,272,360,47,0,0,cift,0,0,0,0,1,1,1,kurucesme
"LINESTRING (27.1932668 38.3672133, 27.1930366 38.3673984)",,205/3 sk.,359,360,29,2100,0,cift,1,16,0,0,1,1,1,kurucesme
"LINESTRING (27.1927245 38.3662968, 27.1927604 38.3662805, 27.192802 38.3662703, 27.1928251 38.3662676, 27.1928727 38.3662705, 27.1929767 38.36629, 27.1936615 38.3663151, 27.1938314 38.3663362)",,205/39 sk.,274,275,98,1400,0,cift,1,12,0,0,1,1,1,kurucesme
"LINESTRING (27.1938314 38.3663362, 27.1944094 38.3665459)",,205/39 sk.,275,276,56,0,0,cift,0,0,0,0,1,1,1,kurucesme
"LINESTRING (27.1938314 38.3663362, 27.1938364 38.3669421)",,205/37 sk.,275,361,67,0,0,cift,0,0,0,0,1,1,1,kurucesme
"LINESTRING (27.1938364 38.3669421, 27.1944016 38.3667041)",,205/3 sk.,361,362,56,0,0,cift,0,0,0,0,1,1,1,kurucesme
"LINESTRING (27.1944016 38.3667041, 27.1944094 38.3665459)",,205/2 sk.,276,362,18,0,0,cift,0,0,0,0,1,1,1,kurucesme
"LINESTRING (27.1932668 38.3672133, 27.1938364 38.3669421)",,205/3 sk,360,361,58,0,0,cift,0,0,0,0,1,1,1,kurucesme
"LINESTRING (27.194399 38.3659033, 27.1948816 38.3658658)",,205/31 sk.,277,278,42,0,0,cift,0,0,0,0,1,1,1,kurucesme
"LINESTRING (27.192495 38.3674693, 27.1923688 38.3676874)",,205/51 sk.,271,357,27,0,0,cift,0,0,0,0,1,1,1,kurucesme
"LINESTRING (27.1923688 38.3676874, 27.1926219 38.3678308)",,205/3 sk.,357,358,27,0,0,cift,0,0,0,0,1,1,1,kurucesme
"LINESTRING (27.1926219 38.3678308, 27.192884 38.3679674)",,205/3 sk.,358,414,27,0,0,cift,0,0,0,0,1,1,1,kurucesme
"LINESTRING (27.1920718 38.3681356, 27.1921633 38.3683595)",,205 sk.,412,413,26,0,0,cift,0,0,0,0,1,1,1,kurucesme
"LINESTRING (27.1921633 38.3683595, 27.1925862 38.3681519, 27.192884 38.3679674)",,205/17 sk.,413,414,77,2100,0,cift,0,0,0,0,1,1,1,kurucesme
"LINESTRING (27.192884 38.3679674, 27.1930287 38.3681329, 27.1932366 38.3684319)",,205/3 sk.,414,415,60,0,0,cift,0,0,0,0,1,1,1,kurucesme
"LINESTRING (27.1930366 38.3673984, 27.1936795 38.3675955, 27.1940888 38.367675)",,205/13 sk.,359,428,97,0,0,cift,0,0,0,0,1,1,1,kurucesme
"LINESTRING (27.1940888 38.367675, 27.1939535 38.368147)",,205/2 sk.,376,428,54,0,0,cift,0,0,0,0,1,1,1,kurucesme
"LINESTRING (27.1932366 38.3684319, 27.1934103 38.3687976, 27.1934391 38.3689081)",,205/3 sk.,415,416,56,0,0,cift,0,0,0,0,1,1,1,kurucesme
"LINESTRING (27.1934391 38.3689081, 27.1934631 38.3689645)",,205/3 sk.,416,417,7,0,0,cift,0,0,0,0,1,1,1,kurucesme
"LINESTRING (27.1934631 38.3689645, 27.1935779 38.3689644)",,205/2 sk.,377,417,10,0,0,cift,0,0,0,0,1,1,1,kurucesme
"LINESTRING (27.1935779 38.3689644, 27.1941069 38.3690691)",,205/5 sk.,377,378,48,0,0,cift,0,0,0,0,1,1,1,kurucesme
"LINESTRING (27.1935779 38.3689644, 27.1936727 38.3688224, 27.1938056 38.3685649, 27.1939317 38.3682926, 27.1939535 38.368147)",,205/2 sk.,376,377,97,0,0,cift,0,0,0,0,1,1,1,kurucesme
"LINESTRING (27.1933398 38.3695486, 27.1937933 38.3696262, 27.1938174 38.3696278, 27.1938402 38.3696209, 27.1938596 38.3696107, 27.1941069 38.3690691)",,205/36 sk.,378,379,111,1400,0,cift,0,0,0,0,1,1,1,kurucesme
"LINESTRING (27.1934631 38.3689645, 27.1933398 38.3695486)",,205/2 sk.,379,417,66,0,3000,cift,0,0,0,0,1,1,1,kurucesme
"LINESTRING (27.1921633 38.3683595, 27.1924449 38.3686765, 27.1925811 38.3688718)",,205 sk.,413,425,68,700,0,cift,1,33,0,0,1,1,1,kurucesme
"LINESTRING (27.1925811 38.3688718, 27.1926278 38.3690486)",,205 sk.,418,425,20,0,0,cift,0,0,0,0,1,1,1,kurucesme
"LINESTRING (27.1926278 38.3690486, 27.1926499 38.3691633)",,205 sk.,418,419,13,0,0,cift,0,0,0,0,1,1,1,kurucesme
"LINESTRING (27.1926278 38.3690486, 27.1934391 38.3689081)",,205/41 sk.,416,418,73,0,0,cift,0,0,0,0,1,1,1,kurucesme
"LINESTRING (27.1939535 38.368147, 27.1946797 38.3679995, 27.1951435 38.3679266)",,205/6 sk.,375,376,107,0,6000,cift,0,0,0,0,1,1,1,kurucesme
"LINESTRING (27.1951435 38.3679266, 27.1953321 38.3679216)",,205/6 sk.,290,375,16,0,3000,cift,0,0,0,0,1,1,1,kurucesme
"LINESTRING (27.1952217 38.3681477, 27.1953321 38.3679216)",,203/47 sk.,290,291,27,0,0,cift,0,0,0,0,1,1,1,kurucesme
"LINESTRING (27.1951435 38.3679266, 27.195232 38.3674502)",,205/7 sk.,374,375,54,0,0,cift,0,0,0,0,1,1,1,kurucesme
"LINESTRING (27.195232 38.3674502, 27.195299 38.3667084)",,205/7 sk.,373,374,83,1400,0,cift,1,31,0,0,1,1,1,kurucesme
"LINESTRING (27.1949985 38.3666759, 27.1949353 38.3665402, 27.1948897 38.3664861, 27.1948762 38.3664593, 27.1948729 38.3664359, 27.1948695 38.3663712, 27.1949038 38.3661991)",,205/31 sk.,363,364,56,0,0,cift,0,0,0,0,1,1,1,kurucesme
"LINESTRING (27.1949038 38.3661991, 27.1953843 38.3662298)",,205/31 sk.,364,365,42,0,0,cift,0,0,0,0,1,1,1,kurucesme
"LINESTRING (27.1953843 38.3662298, 27.1956623 38.3664666)",,205/8 sk.,365,436,36,2100,0,cift,0,0,0,0,1,1,1,kurucesme
"LINESTRING (27.1956623 38.3664666, 27.196191 38.3664682)",,205/21 sk.,370,436,46,0,0,cift,0,0,0,0,1,1,1,kurucesme
"LINESTRING (27.195299 38.3667084, 27.195337 38.3664691, 27.1953441 38.3664084, 27.1953566 38.3663476, 27.1953843 38.3662298)",,205/7 sk.,365,373,54,0,0,cift,0,0,0,0,1,1,1,kurucesme
"LINESTRING (27.1953843 38.3662298, 27.1954126 38.3660623)",,205/7 sk.,365,366,19,700,0,cift,1,28,0,0,1,1,1,kurucesme
"LINESTRING (27.1954126 38.3660623, 27.1957991 38.3660605, 27.195947 38.3660658, 27.1962374 38.3660967)",,205/11 sk.,366,368,72,700,0,cift,1,27,0,0,1,1,1,kurucesme
"LINESTRING (27.1954126 38.3660623, 27.1954501 38.3658498, 27.1954566 38.3657791)",,205/7 sk.,366,367,32,1400,0,cift,1,26,0,0,1,1,1,kurucesme
"LINESTRING (27.1956623 38.3664666, 27.1958813 38.366736)",,205/8 sk.,372,436,36,0,0,cift,0,0,0,0,1,1,1,kurucesme
"LINESTRING (27.196191 38.3664682, 27.1962284 38.3662712, 27.1962374 38.3660967)",,205/29 sk.,368,370,42,700,0,cift,1,29,0,0,1,1,1,kurucesme
"LINESTRING (27.1926499 38.3691633, 27.1927099 38.3693638, 27.1927709 38.3695294, 27.1927897 38.3695636, 27.1928044 38.3695956, 27.1928664 38.3698356)",,205 sk.,419,435,77,1400,0,cift,1,32,0,0,1,1,1,kurucesme
"LINESTRING (27.1899296 38.3693914, 27.1898779 38.3692055)",,1409 sk.,421,422,21,0,0,cift,0,0,0,0,1,1,1,kurucesme
"LINESTRING (27.1899296 38.3693914, 27.1908062 38.369343)",,203/10 sk.,420,422,77,1400,0,cift,0,0,1,4,0,1,0,kurucesme
"LINESTRING (27.1898779 38.3692055, 27.1905834 38.3691305, 27.1907015 38.3691075)",,205/4 sk.,421,423,73,0,0,cift,0,0,0,0,1,1,0,kurucesme
"LINESTRING (27.1907015 38.3691075, 27.1907592 38.3690815)",,205/4 sk.,423,424,6,0,0,cift,0,0,0,0,1,1,0,kurucesme
"LINESTRING (27.1907592 38.3690815, 27.1914494 38.3690218, 27.1917682 38.3689834, 27.1919922 38.3689603, 27.1925811 38.3688718)",,205/4 sk.,424,425,161,1400,0,cift,0,0,1,6,0,1,0,kurucesme
"LINESTRING (27.1906582 38.3688202, 27.1907015 38.3691075)",,205/14 sk.,423,426,32,0,0,cift,0,0,0,0,1,1,0,kurucesme
"LINESTRING (27.1906582 38.3688202, 27.1906424 38.3686026)",,205/14 sk.,426,427,24,0,0,cift,0,0,0,0,1,1,1,kurucesme
"LINESTRING (27.1901568 38.3670807, 27.1907697 38.3676959)",,205/16 sk.,352,410,87,0,0,cift,0,0,0,0,1,1,1,kurucesme
"LINESTRING (27.1902147 38.3678622, 27.1907697 38.3676959)",,205/19 sk.,409,410,52,0,0,cift,0,0,0,0,1,1,1,kurucesme
"LINESTRING (27.1902147 38.3678622, 27.1905182 38.3683326, 27.1906424 38.3686026)",,205/14 sk.,409,427,91,0,0,cift,0,0,0,0,1,1,1,kurucesme
"LINESTRING (27.1906582 38.3688202, 27.1908208 38.3688013, 27.1910521 38.3687519, 27.1911386 38.368725, 27.1913874 38.3686362, 27.1915771 38.3685542, 27.1920921 38.3683765, 27.1921633 38.3683595)",,205/17 sk.,413,426,142,0,0,cift,0,0,0,0,1,1,1,kurucesme
"LINESTRING (27.1908062 38.369343, 27.1907592 38.3690815)",,205/14 sk.,420,424,29,0,0,cift,0,0,0,0,0,1,0,kurucesme
"LINESTRING (27.1896651 38.3680462, 27.1897909 38.3687934)",,1409 sk.,408,438,183,0,0,cift,0,0,0,0,1,1,1,kurucesme
"LINESTRING (27.1927285 38.366972, 27.1927557 38.3670746)",,205/51 sk.,272,273,12,0,0,cift,0,0,0,0,1,1,1,kurucesme
"LINESTRING (27.1921507 38.3660926, 27.1921652 38.3663329, 27.1921572 38.3665261, 27.1921424 38.3665703, 27.1923094 38.3666996, 27.1926041 38.3668959, 27.1927285 38.366972)",,205/58 sk.,207,273,121,0,0,cift,0,0,0,0,1,1,1,kurucesme
"LINESTRING (27.1941097 38.365419, 27.1941858 38.3656178, 27.194399 38.3659033)",,205/2 sk.,209,277,60,0,0,cift,0,0,0,0,1,1,1,kurucesme
"LINESTRING (27.1941097 38.365419, 27.1942859 38.3654027, 27.194605 38.3653438, 27.1953193 38.365074)",,205/2 sk.,209,210,113,2100,0,cift,1,18,0,0,1,1,1,kurucesme
"LINESTRING (27.1953193 38.365074, 27.1957116 38.3654966)",,205/33 sk.,210,280,58,0,0,cift,0,0,0,0,1,1,1,kurucesme
"LINESTRING (27.1953193 38.365074, 27.1957922 38.3648888, 27.1961328 38.3647763, 27.1964158 38.36472, 27.1966994 38.3646969, 27.1969281 38.3647027, 27.197024 38.3647237, 27.1971078 38.3647742, 27.1971226 38.3647942, 27.1971333 38.3648115, 27.1971608 38.3649256, 27.1971574 38.3650571)",,205/2 sk.,210,211,199,2800,0,cift,1,19,0,0,1,1,1,kurucesme
"LINESTRING (27.1957116 38.3654966, 27.196291 38.3652125)",,205/7 sk.,280,281,60,0,0,cift,0,0,0,0,1,1,1,kurucesme
"LINESTRING (27.196291 38.3652125, 27.1963526 38.3651527, 27.1965042 38.3650691, 27.1967288 38.3649855, 27.1969025 38.3649839, 27.19705 38.3650108, 27.1971574 38.3650571)",,205/7 sk.,211,281,86,0,0,cift,0,0,0,0,1,1,1,kurucesme
"LINESTRING (27.1954805 38.3656761, 27.1955705 38.3655856, 27.1957116 38.3654966)",,205/7 sk.,279,280,29,0,0,cift,0,0,0,0,1,1,1,kurucesme
"LINESTRING (27.1948816 38.3658658, 27.1949017 38.3657241, 27.1949098 38.3656986, 27.1949249 38.365676, 27.1949594 38.3656445, 27.1950506 38.3655967, 27.195106 38.365573, 27.1951314 38.3655701, 27.1951794 38.3655717, 27.1952853 38.3655917, 27.1954805 38.3656761)",,205/31 sk.,278,279,77,1400,0,cift,1,17,0,0,1,1,1,kurucesme
"LINESTRING (27.1954566 38.3657791, 27.1954805 38.3656761)",,205/7 sk.,279,367,12,0,0,cift,0,0,0,0,1,1,1,kurucesme
"LINESTRING (27.1949038 38.3661991, 27.1948816 38.3658658)",,205/31 sk.,278,364,37,0,0,cift,0,0,0,0,1,1,1,kurucesme
"LINESTRING (27.1949985 38.3666759, 27.195299 38.3667084)",,205/21 sk.,363,373,26,0,0,cift,0,0,0,0,1,1,1,kurucesme
"LINESTRING (27.196291 38.3652125, 27.1964701 38.3653072, 27.1967924 38.3656829)",,205/10 sk.,281,282,69,2800,0,cift,1,25,0,0,1,1,1,kurucesme
"LINESTRING (27.1954566 38.3657791, 27.1960603 38.3657276, 27.196585 38.3657184, 27.1967924 38.3656829)",,205/35 sk.,282,367,117,1400,0,cift,0,0,0,0,1,1,1,kurucesme
"LINESTRING (27.1962374 38.3660967, 27.1962917 38.3661009, 27.196546 38.366127, 27.196795 38.3661638)",,205/11 sk.,284,368,49,0,0,cift,0,0,0,0,1,1,1,kurucesme
"LINESTRING (27.1967924 38.3656829, 27.1968758 38.3658574)",,205/10 sk.,282,283,21,0,0,cift,0,0,0,0,1,1,1,kurucesme
"LINESTRING (27.196795 38.3661638, 27.1968758 38.3658574)",,205/10 sk.,283,284,35,0,0,cift,0,0,0,0,1,1,1,kurucesme
"LINESTRING (27.1968758 38.3658574, 27.1971064 38.3657318)",,,212,283,25,0,0,cift,0,0,0,0,1,1,1,kurucesme
"LINESTRING (27.1958813 38.366736, 27.1961103 38.3669815)",,205/8 sk.,371,372,34,2100,0,cift,0,0,0,0,1,1,1,kurucesme
"LINESTRING (27.1961103 38.3669815, 27.196191 38.3664682)",,205/29 sk.,370,371,58,0,0,cift,0,0,0,0,1,1,1,kurucesme
"LINESTRING (27.1961103 38.3669815, 27.1964923 38.3674799)",,205/8 sk.,288,371,65,0,0,cift,0,0,0,0,1,1,1,kurucesme
"LINESTRING (27.1971064 38.3657318, 27.1972598 38.3659067)",,205/12 sk.,212,213,24,0,0,cift,0,0,0,0,1,1,1,kurucesme
"LINESTRING (27.1972598 38.3659067, 27.1973664 38.3660444, 27.1974764 38.3661527, 27.1977595 38.3663889)",,205/12 sk.,213,214,69,2800,0,cift,1,21,0,0,1,1,1,kurucesme
"LINESTRING (27.1977595 38.3663889, 27.1978765 38.3662897, 27.1979231 38.3662389, 27.1980115 38.3660801, 27.1980766 38.3659352)",,205/59 sk.,214,215,58,2100,0,cift,1,22,0,0,1,1,1,kurucesme
"LINESTRING (27.1977595 38.3663889, 27.197831 38.3664513)",,205/12 sk.,214,216,9,0,0,cift,0,0,0,0,1,1,1,kurucesme
"LINESTRING (27.197831 38.3664513, 27.1982906 38.3668385, 27.1980297 38.3670403, 27.1977341 38.3672539, 27.1973567 38.3675989, 27.1968124 38.3682279)",,Dogus cd.,217,216,261,1400,3000,tek,1,54,0,0,1,1,1,kurucesme
"LINESTRING (27.1971064 38.3657318, 27.1973011 38.3656373, 27.1971574 38.3650571)",,205/45 sk.,211,212,86,2800,0,cift,1,20,0,0,1,1,1,kurucesme
"LINESTRING (27.1964923 38.3674799, 27.1964481 38.3675717, 27.1964399 38.3680122)",,205/8 sk.,288,289,60,0,0,cift,0,0,0,0,1,1,1,kurucesme
"LINESTRING (27.192697 38.3659582, 27.1927036 38.3659442, 27.1927238 38.365919, 27.1927586 38.3658956, 27.1928321 38.3658614, 27.1929487 38.3658248, 27.1934435 38.3656957, 27.1936017 38.3656715, 27.1938512 38.3654686, 27.1941097 38.365419)",,205/53 sk.,208,209,142,0,0,cift,0,0,0,0,1,1,1,kurucesme
"LINESTRING (27.1944094 38.3665459, 27.1944195 38.3661295, 27.194399 38.3659033)",,205/2 sk.,276,277,72,0,0,cift,0,0,0,0,1,1,1,kurucesme
"LINESTRING (27.1944016 38.3667041, 27.1947001 38.3666816, 27.1949096 38.3666688, 27.1949985 38.3666759)",,205/21 sk.,362,363,52,0,0,cift,0,0,0,0,1,1,1,kurucesme
"LINESTRING (27.1941938 38.3674616, 27.1943586 38.3669523, 27.1944016 38.3667041)",,205/2 sk.,362,429,86,0,0,cift,0,0,0,0,1,1,1,kurucesme
"LINESTRING (27.1940888 38.367675, 27.1941938 38.3674616)",,205/2 sk.,428,429,25,0,0,cift,0,0,0,0,1,1,1,kurucesme
"LINESTRING (27.1941938 38.3674616, 27.195232 38.3674502)",,205/34 sk.,374,429,91,0,0,cift,0,0,0,0,1,1,1,kurucesme
"LINESTRING (27.1900014 38.3661464, 27.1902505 38.3663297)",,205 sk.,266,267,30,0,0,cift,0,0,0,0,1,1,1,kurucesme
"LINESTRING (27.1902505 38.3663297, 27.1905914 38.3661132)",,,267,268,38,0,0,cift,0,0,0,0,1,1,1,kurucesme
"LINESTRING (27.1905241 38.3660351, 27.1905914 38.3661132)",,205/27 sk.,205,268,10,0,0,cift,0,0,0,0,0,1,0,kurucesme
"LINESTRING (27.1905914 38.3661132, 27.1908376 38.3663476)",,205/27 sk.,268,269,34,0,0,cift,0,0,0,0,1,1,1,kurucesme
"LINESTRING (27.1902505 38.3663297, 27.1907235 38.3667934)",,205 sk.,267,353,66,0,0,cift,0,0,0,0,1,1,1,kurucesme
"LINESTRING (27.1901568 38.3670807, 27.1907235 38.3667934)",,205/23 sk.,352,353,59,0,0,cift,0,0,0,0,1,1,1,kurucesme
"LINESTRING (27.1907235 38.3667934, 27.1910387 38.3670973)",,205 sk.,353,354,44,2100,0,cift,1,7,0,0,1,1,1,kurucesme
"LINESTRING (27.1916049 38.3674365, 27.1916764 38.3674992)",,205 sk.,355,356,9,0,0,cift,0,0,0,0,1,1,1,kurucesme
"LINESTRING (27.1916764 38.3674992, 27.1918791 38.3675828, 27.1921352 38.3677416, 27.1923688 38.3676874)",,205 sk.,356,357,70,0,0,cift,0,0,0,0,1,1,1,kurucesme
"LINESTRING (27.1916764 38.3674992, 27.1917382 38.3676511, 27.1920718 38.3681356)",,205 sk,356,412,79,1400,0,cift,1,34,0,0,1,1,1,kurucesme
"LINESTRING (27.1908062 38.369343, 27.1913952 38.369339, 27.1916017 38.3693222, 27.19176 38.3692927, 27.1926499 38.3691633)",,203/10 sk.,419,420,163,1400,0,cift,0,0,1,5,0,1,0,kurucesme
"LINESTRING (27.1907697 38.3676959, 27.1908686 38.3676716, 27.1910825 38.3676035, 27.1912301 38.3675656, 27.1916049 38.3674365)",,205/19 sk.,355,410,78,2800,0,cift,1,35,0,0,1,1,1,kurucesme
"LINESTRING (27.1906424 38.3686026, 27.1910433 38.3685073, 27.1912763 38.368436)",,205/15 sk.,411,427,58,0,0,cift,0,0,0,0,1,1,1,kurucesme
"LINESTRING (27.1912763 38.368436, 27.1920718 38.3681356)",,205/15 sk.,411,412,77,0,0,cift,0,0,0,0,1,1,1,kurucesme
"LINESTRING (27.1907697 38.3676959, 27.1912763 38.368436)",,205/16 sk.,410,411,94,0,0,cift,0,0,0,0,1,1,1,kurucesme
"LINESTRING (27.1926219 38.3678308, 27.1928936 38.3675453, 27.1930366 38.3673984)",,205/3,358,359,60,0,3000,cift,0,0,0,0,1,1,1,kurucesme
"LINESTRING (27.1932366 38.3684319, 27.1937208 38.3681983, 27.1939535 38.368147)",,205/6 sk.,376,415,71,0,0,cift,0,0,0,0,1,1,1,kurucesme
"LINESTRING (27.1975113 38.3667139, 27.197831 38.3664513)",,205/9 sk.,216,285,40,0,0,cift,0,0,0,0,1,1,1,kurucesme
"LINESTRING (27.1973929 38.3668142, 27.1975113 38.3667139)",,205/9 sk.,285,286,15,0,0,cift,0,0,0,0,1,1,1,kurucesme
"LINESTRING (27.196795 38.3661638, 27.1970473 38.3663082, 27.1975113 38.3667139)",,205/11 sk ,284,285,88,0,0,cift,0,0,0,0,1,1,1,kurucesme
"LINESTRING (27.196795 38.3661638, 27.1967311 38.3665508)",,205/10 sk.,284,369,43,1400,0,cift,1,24,0,0,1,1,1,kurucesme
"LINESTRING (27.1967311 38.3665508, 27.1969536 38.3665793, 27.1970092 38.3665962, 27.1971977 38.3666908, 27.1973929 38.3668142)",,205/30 sk.,369,286,66,0,0,cift,0,0,0,0,1,1,1,kurucesme
"LINESTRING (27.1967311 38.3665508, 27.1967107 38.3668196, 27.1967218 38.3671345, 27.1967558 38.3672805)",,205/10 sk.,287,369,82,2100,0,cift,1,23,0,0,1,1,1,kurucesme
"LINESTRING (27.1964923 38.3674799, 27.1967558 38.3672805)",,205/9 sk.,287,288,32,0,0,cift,0,0,0,0,1,1,1,kurucesme
"LINESTRING (27.1967558 38.3672805, 27.1968517 38.3672911, 27.1973929 38.3668142)",,205/9 sk.,286,287,80,0,0,cift,0,0,0,0,1,1,1,kurucesme
"LINESTRING (27.1964399 38.3680122, 27.1968124 38.3682279)",,205/6 sk.,217,289,40,0,0,cift,0,0,0,0,1,1,1,kurucesme
"LINESTRING (27.195299 38.3667084, 27.1956218 38.3667419, 27.1958813 38.366736)",,205/21 sk.,372,373,51,2100,0,cift,1,30,0,0,1,1,1,kurucesme
"LINESTRING (27.1953321 38.3679216, 27.1957935 38.3679238, 27.1964399 38.3680122)",,205/6 sk.,289,290,98,0,0,cift,0,0,0,0,1,1,1,kurucesme
"LINESTRING (27.1952217 38.3681477, 27.1959615 38.3682949, 27.1964886 38.3684, 27.1966503 38.3684406)",,203/45 sk.,218,291,129,0,0,cift,0,0,0,0,1,1,1,kurucesme
"LINESTRING (27.1932836 38.3698895, 27.1933092 38.3697706, 27.1933398 38.3695486)",,205/2 sk.,379,380,38,0,0,cift,0,0,0,0,1,1,1,kurucesme
"LINESTRING (27.1928665 38.3698343, 27.1931849 38.3698567, 27.1932836 38.3698895)",,203/36 sk.,435,380,37,0,3000,tek,0,0,0,0,1,1,1,kurucesme
"LINESTRING (27.1952217 38.3681477, 27.1950455 38.368509, 27.1948077 38.3689642, 27.1946872 38.3692405)",,203/47 sk.,291,292,130,2800,0,cift,0,0,1,9,0,1,0,kurucesme
"LINESTRING (27.1898017 38.3715976, 27.1898569 38.371656, 27.18992 38.3716985, 27.1899421 38.3717038, 27.190119 38.3717152)",,205/1 sk.,322,323,33,0,0,cift,0,0,0,0,1,1,1,kurucesme
"LINESTRING (27.190119 38.3717152, 27.1901273 38.371978)",,203/40 sk. ,321,322,29,0,0,cift,0,0,0,0,1,1,1,kurucesme
"LINESTRING (27.190119 38.3717152, 27.1905215 38.3717006)",,205/1 sk.,322,396,35,1400,0,cift,0,0,0,0,1,1,1,kurucesme
"LINESTRING (27.1901273 38.371978, 27.190419 38.3719497)",,203/38 sk.,320,321,26,0,0,cift,0,0,0,0,1,1,1,kurucesme
"LINESTRING (27.1885311 38.3721526, 27.1888286 38.3721456, 27.1901273 38.371978)",,203/38 sk.,240,321,141,3500,0,cift,0,0,0,0,1,1,1,kurucesme
"LINESTRING (27.18999 38.3699165, 27.1904796 38.3698966, 27.1917229 38.369919)",,203/36 sk.,402,332,151,0,0,tek,0,0,0,0,1,1,1,kurucesme
"LINESTRING (27.1917229 38.369919, 27.1921076 38.3699191, 27.1929579 38.3699559, 27.1931399 38.3699746, 27.1932873 38.3699882)",,203/36 sk.,381,402,137,0,0,tek,0,0,0,0,1,1,1,kurucesme
"LINESTRING (27.1932873 38.3699882, 27.19348 38.3699979, 27.1940939 38.3700976)",,Ahmet Piristina blv,295,381,72,0,0,tek,0,0,0,0,1,1,1,kurucesme
"LINESTRING (27.1885891 38.3736462, 27.1887707 38.3735938, 27.1892203 38.3734965)",,202/50 sk.,155,238,58,700,0,cift,0,0,0,0,0,1,0,kurucesme
"LINESTRING (27.18791 38.37275, 27.1886211 38.3726431)",,Hoca Ahmet Yesevi cd.,63,239,63,0,0,cift,0,0,0,0,1,1,1,kurucesme
"LINESTRING (27.1886211 38.3726431, 27.1894308 38.3725928, 27.1898988 38.3725508, 27.1901952 38.3725082, 27.1904724 38.3724412)",,Hoca Ahmet Yesevi cd.,239,319,164,700,3000,cift,0,0,0,0,1,1,1,kurucesme
"LINESTRING (27.1908645 38.3728826, 27.1911174 38.3728645, 27.19145 38.3728466, 27.191674 38.3728319, 27.192085 38.3728224, 27.1923756 38.3728102)",,203/51 sk.,306,317,132,0,0,cift,0,0,0,0,1,1,1,kurucesme
"LINESTRING (27.1911572 38.3722752, 27.1916028 38.3721771)",,Hoca Ahmet Yesevi cd.,391,392,40,0,0,cift,0,0,0,0,1,1,1,kurucesme
"LINESTRING (27.1916028 38.3721771, 27.1918564 38.372147, 27.1920247 38.3721412, 27.1923723 38.3721617)",,Hoca Ahmet Yesevi cd.,305,391,68,0,3000,cift,0,0,0,0,1,1,1,kurucesme
"LINESTRING (27.1920495 38.3708881, 27.1921179 38.3711068, 27.1921441 38.3711396, 27.1921749 38.3711617, 27.1922128 38.3711721, 27.192248 38.3711751, 27.1923003 38.3711656, 27.1925491 38.3711704, 27.1928652 38.371199)",,203/24 sk.,386,434,94,0,0,cift,0,0,0,0,1,1,0,kurucesme
"LINESTRING (27.1917686 38.3716146, 27.1919534 38.3716625, 27.1922833 38.3717303, 27.192569 38.3718191, 27.1929382 38.3718764)",,205/1 sk.,387,388,106,1400,0,cift,0,0,0,0,1,1,1,kurucesme
"LINESTRING (27.1909492 38.3762262, 27.1911615 38.3761205, 27.1912705 38.376055, 27.1913795 38.3759801, 27.1914996 38.3759037, 27.1915422 38.3758773, 27.1916109 38.3758225)",,Dogus cd.,233,232,73,0,3000,tek,0,0,0,0,1,1,1,kurucesme
"LINESTRING (27.1916109 38.3758225, 27.191732 38.3756458, 27.1919134 38.3754144)",,Dogus cd.,232,231,53,0,0,tek,0,0,0,0,1,1,1,kurucesme
"LINESTRING (27.1919134 38.3754144, 27.1921118 38.3751886)",,Dogus cd.,231,230,31,1400,0,tek,0,0,0,0,1,1,1,kurucesme
"LINESTRING (27.1921118 38.3751886, 27.1924182 38.3748001)",,Dogus cd.,230,229,51,0,0,tek,0,0,0,0,1,1,1,kurucesme
"LINESTRING (27.1924182 38.3748001, 27.1926993 38.3744204)",,Dogus cd.,229,228,49,1400,0,tek,1,51,0,0,1,1,1,kurucesme
"LINESTRING (27.190902 38.3732095, 27.1914825 38.3731438, 27.1917018 38.3731148, 27.1921549 38.3730764)",,203/30 sk.,307,393,110,0,0,cift,0,0,0,0,1,1,1,kurucesme
"LINESTRING (27.191646 38.373526, 27.1919763 38.3735224, 27.1920025 38.3735145, 27.19203 38.3734961, 27.1920488 38.3734645, 27.1920501 38.3733113, 27.1920528 38.3732879, 27.192086 38.3732014, 27.1921549 38.3730764)",,,307,308,83,2100,0,cift,0,0,0,0,1,1,1,kurucesme
"LINESTRING (27.1927222 38.3744048, 27.1934267 38.3734856, 27.194115 38.3726168)",,Dogus cd.,228,227,233,1400,6000,tek,1,52,0,0,1,1,1,kurucesme
"LINESTRING (27.193272 38.3722172, 27.1939465 38.3722495)",,Hoca Ahmet Yesevi cd.,302,303,59,0,0,cift,0,0,0,0,1,1,1,kurucesme
"LINESTRING (27.1966503 38.3684406, 27.1968124 38.3682279)",,Dogus cd.,218,217,28,0,0,tek,0,0,0,0,1,1,1,kurucesme
"LINESTRING (27.1958565 38.3694769, 27.1960224 38.3692281, 27.1962407 38.368953, 27.1966503 38.3684406)",,Dogus cd.,219,218,135,0,3000,tek,0,0,0,0,1,1,1,kurucesme
"LINESTRING (27.1941069 38.3690691, 27.194522 38.3692078)",,205/5 sk.,293,378,39,0,0,cift,0,0,0,0,1,1,1,kurucesme
"LINESTRING (27.1932836 38.3698895, 27.1934951 38.3699413, 27.1941147 38.3700212)",,Ahmet Piristina blv.,380,294,74,0,0,tek,0,0,0,0,1,1,1,kurucesme
"LINESTRING (27.1941147 38.3700212, 27.1942487 38.3697612, 27.1944158 38.369446, 27.194522 38.3692078)",,203/20 sk.,293,294,97,0,0,cift,0,0,0,0,1,1,1,kurucesme
"LINESTRING (27.194522 38.3692078, 27.1946872 38.3692405)",,205/5 sk.,292,293,15,0,0,cift,0,0,0,0,1,1,1,kurucesme
"LINESTRING (27.1941147 38.3700212, 27.1950317 38.3702754, 27.1953421 38.3703227, 27.1953673 38.3703091, 27.1953891 38.3702983, 27.1954149 38.3702872)",,,294,220,120,0,3000,tek,0,0,0,0,1,1,1,kurucesme
"LINESTRING (27.1951875 38.3706995, 27.1952345 38.3705726, 27.1953047 38.3704635)",,Dogus cd. ,223,222,28,0,0,tek,0,0,0,0,1,1,1,kurucesme
"LINESTRING (27.1953047 38.3704635, 27.1953004 38.3704453, 27.1952974 38.3704335, 27.1953024 38.3703917, 27.1953088 38.3703749, 27.1953222 38.370351, 27.1953416 38.3703292, 27.1953681 38.370311, 27.1953999 38.3702952, 27.1954149 38.3702872)",,,222,220,24,0,0,tek,0,0,0,0,1,1,1,kurucesme
"LINESTRING (27.1954149 38.3702872, 27.1954911 38.3701157, 27.1956915 38.3698179, 27.1958565 38.3694769)",,Dogus cd.,220,219,98,0,0,tek,0,0,0,0,1,1,1,kurucesme
"LINESTRING (27.1940939 38.3700976, 27.1952926 38.3704221, 27.1953047 38.3704635)",,Ahmet Piristina blv.,222,295,115,0,0,tek,0,0,0,0,1,1,1,kurucesme
"LINESTRING (27.1950147 38.3711632, 27.1951875 38.3706995)",,Dogus cd.,224,223,54,0,0,tek,0,0,0,0,1,1,1,kurucesme
"LINESTRING (27.1947172 38.3718257, 27.1948508 38.3715678, 27.1950147 38.3711632)",,Dogus cd.,225,224,78,0,0,tek,0,0,0,0,1,1,1,kurucesme
"LINESTRING (27.1939465 38.3722495, 27.1940138 38.3722963, 27.1941005 38.3723883, 27.194133 38.3724676, 27.1941295 38.3725363, 27.194115 38.3726168)",,,227,302,47,0,0,tek,0,0,0,0,1,1,1,kurucesme
"LINESTRING (27.194115 38.3726168, 27.1943937 38.3722698)",,Dogus cd.,227,226,46,0,0,tek,0,0,0,0,1,1,1,kurucesme
"LINESTRING (27.1939465 38.3722495, 27.1940756 38.372271, 27.1942071 38.3722844, 27.1943029 38.3722833, 27.1943937 38.3722698)",,Hoca Ahmet Yesevi cd.,302,226,40,0,3000,tek,0,0,0,0,1,1,1,kurucesme
"LINESTRING (27.19054 38.37642, 27.1909492 38.3762262)",,Dogus cd.,93,233,42,0,0,tek,0,0,0,0,1,1,1,kurucesme
"LINESTRING (27.18983 38.37529, 27.1898461 38.3752839, 27.1902636 38.375049)",,201 sk.,145,235,46,0,0,cift,0,0,0,0,1,1,1,kurucesme
"LINESTRING (27.18903 38.37413, 27.1890444 38.3741301, 27.189536 38.3738866)",,202/5 sk.,143,237,52,1400,0,cift,0,0,0,0,0,1,0,kurucesme
"LINESTRING (27.18791 38.37275, 27.1884745 38.3734992)",,Metin Goktepe cd,63,140,97,0,0,cift,0,0,0,0,1,1,1,kurucesme
"LINESTRING (27.1884745 38.3734992, 27.1885891 38.3736462)",,Metin Goktepe cd,140,155,19,0,0,cift,0,0,0,0,1,1,1,kurucesme
"LINESTRING (27.1885891 38.3736462, 27.1887614 38.3738374, 27.18876 38.37385)",,Metin Goktepe cd,142,155,27,0,0,cift,0,0,0,0,1,1,1,kurucesme
"LINESTRING (27.18876 38.37385, 27.1888312 38.373914, 27.1888984 38.3739874, 27.18903 38.37413)",,Metin Goktepe cd,142,143,39,0,0,cift,0,0,0,0,1,1,1,kurucesme
"LINESTRING (27.18903 38.37413, 27.1892439 38.3743666, 27.1894666 38.3746673, 27.18983 38.37529)",,Metin Goktepe cd,143,145,147,0,0,cift,0,0,0,0,1,1,1,kurucesme
"LINESTRING (27.18983 38.37529, 27.19054 38.37642)",,Metin Goktepe cd,93,145,140,0,0,cift,0,0,0,0,1,1,1,kurucesme
"LINESTRING (27.1916525 38.3716274, 27.1917686 38.3716146)",,203/37 sk.,388,389,10,0,0,cift,0,0,0,0,1,1,1,kurucesme
"LINESTRING (27.1946872 38.3692405, 27.1958565 38.3694769)",,205/5 sk.,292,219,105,0,0,cift,0,0,0,0,1,1,1,kurucesme
"LINESTRING (27.1899869 38.3697981, 27.1899871 38.3698061, 27.1906633 38.3697984, 27.1918499 38.3698285, 27.1928665 38.3698343)",,203/36 sk.,333,435,297,0,9000,tek,0,0,0,0,1,1,1,kurucesme
"LINESTRING (27.1954149 38.3702872, 27.1954876 38.3702755, 27.1955513 38.370286, 27.1955711 38.3702923, 27.1956036 38.3703083, 27.1956345 38.3703338, 27.1956687 38.3703806, 27.1956729 38.3704439, 27.1956615 38.3704793, 27.19564 38.3705085, 27.1956172 38.3705301, 27.195564 38.3705649)",,,220,221,51,0,0,tek,0,0,0,0,1,1,1,kurucesme
"LINESTRING (27.195564 38.3705649, 27.1955399 38.3705659, 27.1955154 38.3705698, 27.1954899 38.3705698, 27.1954644 38.3705698, 27.1954158 38.3705593, 27.1953927 38.3705525, 27.1953645 38.3705341, 27.1953474 38.3705235, 27.1953317 38.3705096, 27.1953142 38.3704875, 27.1953047 38.3704635)",,,221,222,28,0,0,tek,0,0,0,0,1,1,1,kurucesme
"LINESTRING (27.195564 38.3705649, 27.195544 38.3706049, 27.1952275 38.3711452, 27.1950505 38.3715626, 27.1947562 38.3720151, 27.1944438 38.3724388, 27.1936847 38.373434, 27.1929856 38.3743413, 27.1926592 38.3747715, 27.1922784 38.375238, 27.19205 38.3754341, 27.1918222 38.3756953, 27.1916794 38.3758861, 27.191271 38.3761739, 27.1908459 38.3764511, 27.1902461 38.3768498, 27.1902125 38.3768701, 27.1901869 38.3769078, 27.1901571 38.3769419, 27.1900993 38.3769745, 27.1900475 38.3769886, 27.1900084 38.3769938)",,Dogus cd.,221,439,877,0,0,tek,0,0,0,0,1,1,1,kurucesme
"LINESTRING (27.1881345 38.3699727, 27.1899871 38.3698061)",,Ahmet Piristina blv,334,333,163,0,3000,tek,0,0,0,0,1,1,1,kurucesme
"LINESTRING (27.1881757 38.368877, 27.1881345 38.3699727)",,1412 sk.,334,407,122,3500,0,cift,1,48,0,0,1,1,1,kurucesme
"LINESTRING (27.1881757 38.368877, 27.1897909 38.3687934)",,1403 sk.,407,438,141,0,3000,cift,0,0,0,0,1,1,1,kurucesme
"LINESTRING (27.1881757 38.368877, 27.1882209 38.3678127)",,1412 sk.,350,407,119,2100,0,cift,1,47,0,0,1,1,1,kurucesme
"LINESTRING (27.1899871 38.3698061, 27.1899296 38.3693914)",,1409 sk.,333,422,46,0,0,cift,0,0,0,0,1,1,1,kurucesme
"LINESTRING (27.1898779 38.3692055, 27.1897909 38.3687934)",,1409 sk.,421,438,46,700,0,cift,1,43,0,0,1,1,1,kurucesme
"LINESTRING (27.189235 38.3675666, 27.1896651 38.3680462)",,1409 sk.,351,408,65,700,0,cift,1,36,0,0,1,1,1,kurucesme
"LINESTRING (27.1896651 38.3680462, 27.1902147 38.3678622)",,205/19 sk.,408,409,52,0,0,cift,0,0,0,0,1,1,1,kurucesme
"LINESTRING (27.1896153 38.3659436, 27.1898828 38.3655627, 27.1900859 38.3656803, 27.1901037 38.3656918, 27.1904774 38.3659835, 27.1905241 38.3660351)",,205/27 sk.,204,205,126,3500,0,cift,0,0,1,1,0,1,0,kurucesme
"LINESTRING (27.1896153 38.3659436, 27.1898484 38.3660635, 27.1900014 38.3661464)",,205 sk.,204,266,41,700,0,cift,1,6,0,0,1,1,1,kurucesme
"LINESTRING (27.1894878 38.3665559, 27.1900014 38.3661464)",,205/24 sk.,265,266,64,0,0,cift,0,0,0,0,1,1,1,kurucesme
"LINESTRING (27.1864646 38.3655608, 27.1868489 38.3654689, 27.1869951 38.365472, 27.1872178 38.3654952, 27.1876761 38.3655241, 27.188246 38.3655343, 27.1884365 38.3655548, 27.1892787 38.3657875, 27.1893474 38.3658169, 27.1893786 38.3658461, 27.189402 38.3658964, 27.1896153 38.3659436)",,,203,204,288,0,0,cift,0,0,0,0,1,1,1,kurucesme
"LINESTRING (27.1864646 38.3655608, 27.18641 38.3660389)",,Park İci Yolu,203,258,53,0,0,cift,0,0,0,0,1,1,1,kurucesme
"LINESTRING (27.18641 38.3660389, 27.1865377 38.3660828, 27.1865977 38.3660978, 27.186648 38.3661049, 27.1866889 38.3661051, 27.1867728 38.3660996, 27.1869055 38.3660618, 27.1873193 38.3659808)",,205 sk.,258,259,83,0,0,cift,0,0,0,0,1,1,1,kurucesme
"LINESTRING (27.1873193 38.3659808, 27.1879672 38.3658789)",,205 sk.,259,260,58,700,0,cift,1,40,0,0,1,1,1,kurucesme
"LINESTRING (27.1873193 38.3659808, 27.1873456 38.3660987, 27.1873489 38.3661447)",,1410 sk.,259,261,18,0,0,cift,0,0,0,0,1,1,1,kurucesme
"LINESTRING (27.18641 38.3660389, 27.1864211 38.3661673, 27.1864022 38.3666741)",,Park İci Yolu,257,258,71,0,0,cift,0,0,0,0,1,1,1,kurucesme
"LINESTRING (27.1884095 38.3669195, 27.1889222 38.3663824, 27.1890683 38.3662983, 27.1891193 38.3662836, 27.1892011 38.3662825, 27.1892561 38.3663062, 27.1892863 38.3663299, 27.1894878 38.3665559)",,205/16 sk.,264,265,142,0,0,cift,0,0,0,0,1,1,1,kurucesme
"LINESTRING (27.1884095 38.3669195, 27.189235 38.3675666)",,1409 sk.,264,351,102,2100,0,cift,1,4,0,0,1,1,1,kurucesme
"LINESTRING (27.189235 38.3675666, 27.1897004 38.3673415, 27.1901568 38.3670807)",,205/23 sk.,351,352,97,0,0,cift,0,0,0,0,1,1,1,kurucesme
"LINESTRING (27.1882209 38.3678127, 27.1886362 38.3678126, 27.188723 38.367791, 27.189235 38.3675666)",,1407 sk.,350,351,95,0,0,cift,0,0,0,0,1,1,1,kurucesme
"LINESTRING (27.1853692 38.3698712, 27.1856395 38.369926, 27.186306 38.3700174, 27.1865109 38.3700343, 27.1871026 38.3700424)",,1401 sk.,337,336,153,0,3000,tek,0,0,0,0,1,1,1,kurucesme
"LINESTRING (27.1864022 38.3666741, 27.1872225 38.3667221, 27.1872888 38.3667195)",,1409 sk.,257,262,78,0,0,cift,0,0,0,0,1,1,1,kurucesme
"LINESTRING (27.187351 38.3667212, 27.187416 38.3667315, 27.1880315 38.3667652, 27.1882086 38.3668188, 27.1884095 38.3669195)",,1409 sk.,263,264,97,700,0,cift,1,38,0,0,1,1,1,kurucesme
"LINESTRING (27.1828545 38.3667282, 27.1833686 38.3663916)",,1413 sk.,200,201,58,1400,0,cift,1,2,0,0,1,1,1,kurucesme
"LINESTRING (27.1833686 38.3663916, 27.1838429 38.3661625, 27.1843344 38.3659796, 27.1848245 38.3658087, 27.1856034 38.3656394)",,1413 sk.,201,202,213,2100,0,cift,1,3,0,0,1,1,1,kurucesme
"LINESTRING (27.1833686 38.3663916, 27.1836009 38.3666883, 27.1837062 38.3669194, 27.1838011 38.3669392, 27.184166 38.3670711)",,1415 sk.,201,255,110,0,0,cift,0,0,0,0,1,1,1,kurucesme
"LINESTRING (27.184166 38.3670711, 27.18462 38.3671665, 27.1850599 38.367196, 27.1855385 38.3672189)",,1415 sk.,255,345,121,1400,0,cift,1,45,0,0,1,1,1,kurucesme
"LINESTRING (27.1855385 38.3672189, 27.1855824 38.3666638)",,1406 sk.,256,345,62,1400,0,cift,1,44,0,0,1,1,1,kurucesme
"LINESTRING (27.1855824 38.3666638, 27.1862187 38.3666771, 27.1864022 38.3666741)",,1409 sk.,256,257,72,2800,0,cift,1,41,0,0,1,1,1,kurucesme
"LINESTRING (27.1856034 38.3656394, 27.1864646 38.3655608)",,Park İci Yolu,202,203,76,0,0,cift,0,0,0,0,1,1,1,kurucesme
"LINESTRING (27.184166 38.3670711, 27.1843337 38.366891, 27.1846424 38.3666926, 27.1848365 38.3666534, 27.1854256 38.3666539, 27.1855824 38.3666638)",,1409 sk. ,255,256,142,2100,0,cift,1,42,0,0,1,1,1,kurucesme
"LINESTRING (27.1856034 38.3656394, 27.1856171 38.365776, 27.1856138 38.3660173, 27.1855849 38.3661371, 27.1855824 38.3666638)",,1406 sk.,202,256,114,0,0,cift,0,0,0,0,1,1,1,kurucesme
"LINESTRING (27.1828545 38.3667282, 27.1827409 38.3668737, 27.1826973 38.366972, 27.1826222 38.3672806, 27.1826117 38.3674928, 27.1825996 38.367557, 27.1825753 38.3676263)",,1413 sk.,200,252,104,0,3000,cift,0,0,0,0,1,1,1,kurucesme
"LINESTRING (27.184166 38.3670711, 27.1841366 38.3671508, 27.1841246 38.3672139, 27.1841273 38.3673406, 27.1841114 38.3676887)",,1409 sk.,254,255,69,700,0,cift,0,0,0,0,1,1,1,kurucesme
"LINESTRING (27.1825753 38.3676263, 27.1832447 38.3676606, 27.1835749 38.3676875)",,1405 sk.,252,253,88,0,0,cift,0,0,0,0,1,1,1,kurucesme
"LINESTRING (27.1835749 38.3676875, 27.1835352 38.3685473)",,1402 sk.,253,341,96,2100,0,cift,1,46,0,0,1,1,1,kurucesme
"LINESTRING (27.1835749 38.3676875, 27.1841114 38.3676887)",,1405 sk.,253,254,47,0,0,cift,0,0,0,0,1,1,1,kurucesme
"LINESTRING (27.1853692 38.3698712, 27.1853734 38.3697715, 27.1854105 38.3694085, 27.1853911 38.3687866)",,1406 sk.,337,343,121,0,0,cift,0,0,0,0,1,1,1,kurucesme
"LINESTRING (27.1853911 38.3687866, 27.1854527 38.3677292)",,1406 sk.,343,344,118,1400,0,cift,1,5,0,0,1,1,1,kurucesme
"LINESTRING (27.1841114 38.3676887, 27.1854527 38.3677292)",,1405 sk.,254,344,117,0,3000,cift,0,0,0,0,1,1,1,kurucesme
"LINESTRING (27.1855385 38.3672189, 27.1854527 38.3677292)",,1406 sk.,344,345,57,0,0,cift,0,0,0,0,1,1,1,kurucesme
"LINESTRING (27.1821539 38.368054, 27.1824569 38.3677659, 27.1825753 38.3676263)",,1413 sk.,251,252,60,0,0,cift,0,0,0,0,1,1,1,kurucesme
"LINESTRING (27.1801155 38.3664494, 27.1812279 38.3663616, 27.181878 38.3663359, 27.1821543 38.3663532, 27.1823374 38.3664032, 27.1824768 38.3664713, 27.1828545 38.3667282)",,200/70 sk.,0,200,253,3500,0,cift,1,1,0,0,1,1,1,kurucesme
"LINESTRING (27.1835355 38.3686804, 27.1840652 38.3687246, 27.1853911 38.3687866)",,1403 sk.,342,343,162,0,3000,cift,0,0,0,0,1,1,1,kurucesme
"LINESTRING (27.1853911 38.3687866, 27.1870466 38.3688768, 27.1872028 38.3688781)",,1403 sk.,343,403,158,0,0,cift,0,0,0,0,1,1,1,kurucesme
"LINESTRING (27.1873489 38.3661447, 27.1873726 38.3662118, 27.187386 38.3662807, 27.187351 38.3667212)",,1410 sk.,261,263,65,0,0,tek,0,0,0,0,1,1,1,kurucesme
"LINESTRING (27.1873489 38.3661447, 27.1873107 38.3662902, 27.1872888 38.3667195)",,1410 sk.,262,261,64,0,0,tek,0,0,0,0,1,1,1,kurucesme
"LINESTRING (27.187351 38.3667212, 27.1872888 38.3667195)",,1409 sk.,262,263,5,0,0,cift,0,0,0,0,1,1,1,kurucesme
"LINESTRING (27.1880545 38.3700672, 27.1880797 38.3702481, 27.1883022 38.3708236)",,203/40 sk.,246,247,87,1400,0,cift,0,0,0,0,1,1,1,kurucesme
"LINESTRING (27.1880545 38.3700672, 27.1895835 38.3699357, 27.18999 38.3699165)",,1401 sk. Ahmet Piristina blv,332,247,170,0,0,tek,0,0,0,0,1,1,1,kurucesme
"LINESTRING (27.182872 38.3695284, 27.1831536 38.3695326, 27.1832716 38.3695394, 27.1853692 38.3698712)",,1401 sk. Ahmet Piristina blv,338,337,319,0,0,tek,0,0,0,0,1,1,1,kurucesme
"LINESTRING (27.1821539 38.368054, 27.1820262 38.3681455, 27.1819517 38.3681845, 27.1818597 38.3682213, 27.1817721 38.3684725, 27.18171 38.36861, 27.1816819 38.3687109, 27.1816618 38.3690274, 27.1816618 38.3692619, 27.1817198 38.3694325, 27.1817508 38.3695388, 27.181763 38.3696115)",,1413 sk.,250,251,190,0,3000,cift,0,0,0,0,1,1,1,kurucesme
"LINESTRING (27.1872295 38.3700449, 27.187251 38.3700439, 27.1881345 38.3699727)",,1401 sk. Ahmet Piristina blv,335,334,79,0,6000,tek,0,0,0,0,1,1,1,kurucesme
"LINESTRING (27.1871977 38.3701313, 27.1880545 38.3700672)",,1401 sk. Ahmet Piristina blv,247,248,75,0,0,tek,0,0,0,0,1,1,1,kurucesme
"LINESTRING (27.1871977 38.3701313, 27.1872105 38.3700447)",,1408 sk.,335,248,10,0,0,tek,0,0,0,0,1,1,1,kurucesme
"LINESTRING (27.1871026 38.3700424, 27.1872105 38.3700447)",,1401 sk. Ahmet Piristina blv,336,335,9,0,0,tek,0,0,0,0,1,1,1,kurucesme
"LINESTRING (27.1872732 38.3688782, 27.1881757 38.368877)",,1403 sk.,404,407,79,0,3000,cift,0,0,0,0,1,1,1,kurucesme
"LINESTRING (27.1872732 38.3688782, 27.1872476 38.3691622, 27.1872496 38.3695176, 27.1872105 38.3700447)",,1408 sk.,404,335,130,0,3000,tek,0,0,0,0,1,1,1,kurucesme
"LINESTRING (27.1872028 38.3688781, 27.1872732 38.3688782)",,1403 sk.,403,404,6,0,0,cift,0,0,0,0,1,1,1,kurucesme
"LINESTRING (27.1871026 38.3700424, 27.1871381 38.3698517, 27.187181 38.36951, 27.187181 38.3691714, 27.1872028 38.3688781)",,1408 sk,336,403,130,0,3000,tek,0,0,0,0,1,1,1,kurucesme
"LINESTRING (27.1854527 38.3677292, 27.1870712 38.3677853)",,1405 sk.,344,346,141,0,6000,cift,0,0,0,0,1,1,1,kurucesme
"LINESTRING (27.1870712 38.3677853, 27.1870717 38.3677604, 27.1870824 38.3677299, 27.1870978 38.3677023, 27.1871216 38.3676758, 27.1871471 38.3676576, 27.1871806 38.36764, 27.1872152 38.3676298, 27.1872497 38.3676241)",,,346,347,26,0,0,tek,0,0,0,0,1,1,1,kurucesme
"LINESTRING (27.1872497 38.3676241, 27.1873245 38.3676283)",,,347,348,7,0,0,tek,0,0,0,0,1,1,1,kurucesme
"LINESTRING (27.1873245 38.3676283, 27.1873931 38.3676557, 27.187422 38.3676743, 27.1874458 38.3676983, 27.1874608 38.3677251, 27.1874686 38.3677487, 27.1874741 38.36778)",,,348,349,23,0,0,tek,0,0,0,0,1,1,1,kurucesme
"LINESTRING (27.1874741 38.36778, 27.1882209 38.3678127)",,1407 sk.,349,350,65,0,6000,cift,0,0,0,0,1,1,1,kurucesme
"LINESTRING (27.1870712 38.3677853, 27.1870771 38.3678188, 27.1871083 38.3678716, 27.1871566 38.3679068, 27.1872632 38.3679373)",,,405,346,26,0,0,tek,0,0,0,0,1,1,1,kurucesme
"LINESTRING (27.1872632 38.3679373, 27.1873007 38.367936, 27.1873437 38.3679289)",,,406,405,7,0,0,tek,0,0,0,0,1,1,1,kurucesme
"LINESTRING (27.1873437 38.3679289, 27.1874041 38.3679017, 27.1874316 38.3678801, 27.1874484 38.367857, 27.1874638 38.3678252, 27.1874741 38.36778)",,,349,406,21,0,0,tek,0,0,0,0,1,1,1,kurucesme
"LINESTRING (27.1872632 38.3679373, 27.1872728 38.3682454, 27.1872028 38.3688781)",,1408 sk.,403,405,105,0,0,tek,0,0,0,0,1,1,1,kurucesme
"LINESTRING (27.1872732 38.3688782, 27.1873184 38.3682481, 27.1873437 38.3679289)",,1408 sk.,406,404,106,0,3000,tek,0,0,0,0,1,1,1,kurucesme
"LINESTRING (27.1872497 38.3676241, 27.1872888 38.3667195)",,1410 sk.,347,262,101,0,0,tek,0,0,0,0,1,1,1,kurucesme
"LINESTRING (27.1873245 38.3676283, 27.187351 38.3667212)",,1410 sk.,263,348,101,1400,0,tek,1,39,0,0,1,1,1,kurucesme
"LINESTRING (27.1821539 38.368054, 27.1826281 38.3683349, 27.1828726 38.3684609, 27.1829332 38.3684797)",,1403 sk.,251,340,83,0,0,cift,0,0,0,0,1,1,1,kurucesme
"LINESTRING (27.1829332 38.3684797, 27.1835352 38.3685473)",,1403 sk.,340,341,53,700,0,cift,0,0,0,0,1,1,1,kurucesme
"LINESTRING (27.1829332 38.3684797, 27.1829417 38.3686884)",,1416 sk. ,339,340,23,0,0,cift,0,0,0,0,1,1,1,kurucesme
"LINESTRING (27.1829417 38.3686884, 27.1835355 38.3686804)",,1403 sk.,339,342,52,0,0,cift,0,0,0,0,1,1,1,kurucesme
"LINESTRING (27.1835355 38.3686804, 27.183538 38.3686288, 27.1835352 38.3685473)",,1403 sk.,341,342,15,0,0,cift,0,0,0,0,1,1,1,kurucesme
"LINESTRING (27.1828693 38.3695281, 27.1829417 38.3686884)",,1416 sk.,338,339,94,0,6000,cift,0,0,0,0,1,1,1,kurucesme
"LINESTRING (27.181763 38.3696115, 27.182872 38.3695284)",,1401 sk. Ahmet Piristina blv,250,338,97,0,0,tek,0,0,0,0,1,1,1,kurucesme
"LINESTRING (27.1871026 38.3700424, 27.1870867 38.3701333)",,1408 sk.,249,336,10,0,0,tek,0,0,0,0,1,1,1,kurucesme
"LINESTRING (27.1870867 38.3701333, 27.1871977 38.3701313)",,1401 sk. Ahmet Piristina blv,248,249,10,0,0,tek,0,0,0,0,1,1,1,kurucesme
"LINESTRING (27.1870867 38.3701333, 27.1865232 38.3701134, 27.1862727 38.370095, 27.1849339 38.3698989, 27.1837565 38.3696896, 27.1833567 38.3696163, 27.1830884 38.36959, 27.1828638 38.3695848, 27.1817748 38.3696927, 27.181763 38.3696115)",,1401 sk. Ahmet Piristina blv,249,250,479,0,0,tek,0,0,0,0,1,1,1,kurucesme
"LINESTRING (27.1943937 38.3722698, 27.1945362 38.3721028, 27.1946309 38.3719761, 27.1947172 38.3718257)",,Dogus cd.,226,225,57,1400,0,tek,1,53,0,0,1,1,1,kurucesme
"LINESTRING (27.1900003 38.3707055, 27.18999 38.3699165)",,203/42 sk.,331,332,88,0,0,cift,0,0,0,0,1,1,1,kurucesme
