WKT,ad,id
"POINT (27.1902636 38.375049)",,235.0
"POINT (27.1904429 38.375328)",,234.0
"POINT (27.1909492 38.3762262)",,233.0
"POINT (27.1916109 38.3758225)",,232.0
"POINT (27.1919134 38.3754144)",,231.0
"POINT (27.1921118 38.3751886)",,230.0
"POINT (27.1924182 38.3748001)",,229.0
"POINT (27.1926993 38.3744204)",,228.0
"POINT (27.1947172 38.3718257)",,225.0
"POINT (27.1950147 38.3711632)",,224.0
"POINT (27.1951875 38.3706995)",,223.0
"POINT (27.1953047 38.3704635)",,222.0
"POINT (27.1954149 38.3702872)",,220.0
"POINT (27.1958565 38.3694769)",,219.0
"POINT (27.1966503 38.3684406)",,218.0
"POINT (27.1968124 38.3682279)",,217.0
"POINT (27.197831 38.3664513)",,216.0
"POINT (27.1977595 38.3663889)",,214.0
"POINT (27.1980766 38.3659352)",,215.0
"POINT (27.1972598 38.3659067)",,213.0
"POINT (27.1971064 38.3657318)",,212.0
"POINT (27.1968758 38.3658574)",,283.0
"POINT (27.1971574 38.3650571)",,211.0
"POINT (27.1953193 38.365074)",,210.0
"POINT (27.1941097 38.365419)",,209.0
"POINT (27.192697 38.3659582)",,208.0
"POINT (27.1921507 38.3660926)",,207.0
"POINT (27.1912309 38.3662023)",,206.0
"POINT (27.1908376 38.3663476)",,269.0
"POINT (27.1905241 38.3660351)",,205.0
"POINT (27.1900014 38.3661464)",,266.0
"POINT (27.1901568 38.3670807)",,352.0
"POINT (27.1907697 38.3676959)",,410.0
"POINT (27.1902147 38.3678622)",,409.0
"POINT (27.1898779 38.3692055)",,421.0
"POINT (27.1899296 38.3693914)",,422.0
"POINT (27.1883022 38.3708236)",,246.0
"POINT (27.1880015 38.370898)",,245.0
"POINT (27.1875887 38.3716946)",,243.0
"POINT (27.187739 38.3723453)",,241.0
"POINT (27.1912423 38.3753895)",,311.0
"POINT (27.1906826 38.3749247)",,312.0
"POINT (27.1903816 38.3749991)",,236.0
"POINT (27.189536 38.3738866)",,237.0
"POINT (27.1892203 38.3734965)",,238.0
"POINT (27.1901412 38.373264)",,315.0
"POINT (27.1901765 38.3736929)",,314.0
"POINT (27.1909014 38.3731472)",,316.0
"POINT (27.190902 38.3732095)",,393.0
"POINT (27.1909069 38.3735748)",,394.0
"POINT (27.1910047 38.3743078)",,395.0
"POINT (27.1904977 38.3745089)",,313.0
"POINT (27.191646 38.373526)",,308.0
"POINT (27.1916225 38.3742708)",,309.0
"POINT (27.1908645 38.3728826)",,317.0
"POINT (27.1917363 38.3746727)",,310.0
"POINT (27.1921549 38.3730764)",,307.0
"POINT (27.1923756 38.3728102)",,306.0
"POINT (27.1923723 38.3721617)",,305.0
"POINT (27.1907788 38.3723874)",,318.0
"POINT (27.190419 38.3719497)",,320.0
"POINT (27.1885429 38.3714498)",,325.0
"POINT (27.1879074 38.3716308)",,328.0
"POINT (27.1882763 38.3715437)",,327.0
"POINT (27.1883487 38.3709165)",,329.0
"POINT (27.1898017 38.3715976)",,323.0
"POINT (27.1900003 38.3707055)",,331.0
"POINT (27.1916209 38.371862)",,390.0
"POINT (27.1916525 38.3716274)",,389.0
"POINT (27.1885311 38.3721526)",,240.0
"POINT (27.1911572 38.3722752)",,392.0
"POINT (27.1910668 38.3718872)",,430.0
"POINT (27.1917686 38.3716146)",,388.0
"POINT (27.1929382 38.3718764)",,387.0
"POINT (27.1930836 38.3722019)",,304.0
"POINT (27.193272 38.3722172)",,303.0
"POINT (27.1939287 38.3717595)",,301.0
"POINT (27.1916992 38.3708891)",,399.0
"POINT (27.1934038 38.3712677)",,432.0
"POINT (27.1932693 38.3714909)",,431.0
"POINT (27.1916028 38.3721771)",,391.0
"POINT (27.1942095 38.371591)",,300.0
"POINT (27.1942413 38.3714726)",,299.0
"POINT (27.1935796 38.3713)",,433.0
"POINT (27.1943795 38.3710345)",,298.0
"POINT (27.1937698 38.3708804)",,297.0
"POINT (27.1940191 38.3703876)",,296.0
"POINT (27.1931324 38.3706497)",,383.0
"POINT (27.1930251 38.3709013)",,384.0
"POINT (27.1929394 38.3711055)",,385.0
"POINT (27.1928652 38.371199)",,386.0
"POINT (27.1905215 38.3717006)",,396.0
"POINT (27.1904973 38.371006)",,398.0
"POINT (27.189931 38.3709999)",,397.0
"POINT (27.18999 38.3699165)",,332.0
"POINT (27.1920495 38.3708881)",,434.0
"POINT (27.1932873 38.3699882)",,381.0
"POINT (27.1940939 38.3700976)",,295.0
"POINT (27.1928665 38.3698343)",,435.0
"POINT (27.1926499 38.3691633)",,419.0
"POINT (27.1925811 38.3688718)",,425.0
"POINT (27.1932836 38.3698895)",,380.0
"POINT (27.1933398 38.3695486)",,379.0
"POINT (27.1934631 38.3689645)",,417.0
"POINT (27.1941069 38.3690691)",,378.0
"POINT (27.1935779 38.3689644)",,377.0
"POINT (27.1934391 38.3689081)",,416.0
"POINT (27.1926278 38.3690486)",,418.0
"POINT (27.1952217 38.3681477)",,291.0
"POINT (27.1951435 38.3679266)",,375.0
"POINT (27.1953321 38.3679216)",,290.0
"POINT (27.195232 38.3674502)",,374.0
"POINT (27.195299 38.3667084)",,373.0
"POINT (27.1949985 38.3666759)",,363.0
"POINT (27.1949038 38.3661991)",,364.0
"POINT (27.1953843 38.3662298)",,365.0
"POINT (27.1956623 38.3664666)",,436.0
"POINT (27.196191 38.3664682)",,370.0
"POINT (27.1961103 38.3669815)",,371.0
"POINT (27.1958813 38.366736)",,372.0
"POINT (27.196291 38.3652125)",,281.0
"POINT (27.1967924 38.3656829)",,282.0
"POINT (27.1957116 38.3654966)",,280.0
"POINT (27.1954805 38.3656761)",,279.0
"POINT (27.1954126 38.3660623)",,366.0
"POINT (27.1948816 38.3658658)",,278.0
"POINT (27.1927245 38.3662968)",,274.0
"POINT (27.1962374 38.3660967)",,368.0
"POINT (27.196795 38.3661638)",,284.0
"POINT (27.1967558 38.3672805)",,287.0
"POINT (27.1964923 38.3674799)",,288.0
"POINT (27.1964399 38.3680122)",,289.0
"POINT (27.1975113 38.3667139)",,285.0
"POINT (27.1938314 38.3663362)",,275.0
"POINT (27.1938364 38.3669421)",,361.0
"POINT (27.1932668 38.3672133)",,360.0
"POINT (27.192495 38.3674693)",,271.0
"POINT (27.1921633 38.3683595)",,413.0
"POINT (27.191368 38.3667887)",,270.0
"POINT (27.1910387 38.3670973)",,354.0
"POINT (27.1906424 38.3686026)",,427.0
"POINT (27.1906582 38.3688202)",,426.0
"POINT (27.1920718 38.3681356)",,412.0
"POINT (27.1907015 38.3691075)",,423.0
"POINT (27.1907592 38.3690815)",,424.0
"POINT (27.1908062 38.369343)",,420.0
"POINT (27.1927557 38.3670746)",,272.0
"POINT (27.1923688 38.3676874)",,357.0
"POINT (27.192884 38.3679674)",,414.0
"POINT (27.1916049 38.3674365)",,355.0
"POINT (27.1930366 38.3673984)",,359.0
"POINT (27.1940888 38.367675)",,428.0
"POINT (27.1926219 38.3678308)",,358.0
"POINT (27.1939535 38.368147)",,376.0
"POINT (27.1932366 38.3684319)",,415.0
"POINT (27.194399 38.3659033)",,277.0
"POINT (27.1944094 38.3665459)",,276.0
"POINT (27.1944016 38.3667041)",,362.0
"POINT (27.1883799 38.3717866)",,326.0
"POINT (27.1893246 38.3706944)",,330.0
"POINT (27.1893497 38.3716901)",,324.0
"POINT (27.1916855 38.3706203)",,400.0
"POINT (27.1925032 38.3708727)",,437.0
"POINT (27.1917229 38.369919)",,402.0
"POINT (27.1917042 38.3703701)",,401.0
"POINT (27.1932361 38.3704181)",,382.0
"POINT (27.1886211 38.3726431)",,239.0
"POINT (27.1904724 38.3724412)",,319.0
"POINT (27.1954566 38.3657791)",,367.0
"POINT (27.1885891 38.3736462)",,155.0
"POINT (27.1927285 38.366972)",,273.0
"POINT (27.1902505 38.3663297)",,267.0
"POINT (27.1905914 38.3661132)",,268.0
"POINT (27.1907235 38.3667934)",,353.0
"POINT (27.1916764 38.3674992)",,356.0
"POINT (27.1941938 38.3674616)",,429.0
"POINT (27.1912763 38.368436)",,411.0
"POINT (27.1967311 38.3665508)",,369.0
"POINT (27.1973929 38.3668142)",,286.0
"POINT (27.1946872 38.3692405)",,292.0
"POINT (27.1901273 38.371978)",,321.0
"POINT (27.190119 38.3717152)",,322.0
"POINT (27.1939465 38.3722495)",,302.0
"POINT (27.18791 38.37275)",,63.0
"POINT (27.18876 38.37385)",,142.0
"POINT (27.1884745 38.3734992)",,140.0
"POINT (27.18903 38.37413)",,143.0
"POINT (27.18983 38.37529)",,145.0
"POINT (27.1941147 38.3700212)",,294.0
"POINT (27.194522 38.3692078)",,293.0
"POINT (27.194115 38.3726168)",,227.0
"POINT (27.1943937 38.3722698)",,226.0
"POINT (27.195564 38.3705649)",,221.0
"POINT (27.1900084 38.3769938)",,439.0
"POINT (27.1896153 38.3659436)",,204.0
"POINT (27.1864646 38.3655608)",,203.0
"POINT (27.1864022 38.3666741)",,257.0
"POINT (27.1884095 38.3669195)",,264.0
"POINT (27.1894878 38.3665559)",,265.0
"POINT (27.189235 38.3675666)",,351.0
"POINT (27.1896651 38.3680462)",,408.0
"POINT (27.1897909 38.3687934)",,438.0
"POINT (27.1881757 38.368877)",,407.0
"POINT (27.1882209 38.3678127)",,350.0
"POINT (27.1899871 38.3698061)",,333.0
"POINT (27.1881345 38.3699727)",,334.0
"POINT (27.1853692 38.3698712)",,337.0
"POINT (27.1856034 38.3656394)",,202.0
"POINT (27.1833686 38.3663916)",,201.0
"POINT (27.1828545 38.3667282)",,200.0
"POINT (27.1855824 38.3666638)",,256.0
"POINT (27.1855385 38.3672189)",,345.0
"POINT (27.184166 38.3670711)",,255.0
"POINT (27.1841114 38.3676887)",,254.0
"POINT (27.1854527 38.3677292)",,344.0
"POINT (27.1825753 38.3676263)",,252.0
"POINT (27.1835749 38.3676875)",,253.0
"POINT (27.1835352 38.3685473)",,341.0
"POINT (27.1853911 38.3687866)",,343.0
"POINT (27.18641 38.3660389)",,258.0
"POINT (27.1879672 38.3658789)",,260.0
"POINT (27.187351 38.3667212)",,263.0
"POINT (27.1873489 38.3661447)",,261.0
"POINT (27.1872888 38.3667195)",,262.0
"POINT (27.1873193 38.3659808)",,259.0
"POINT (27.1801155 38.3664494)",,0.0
"POINT (27.1821539 38.368054)",,251.0
"POINT (27.181763 38.3696115)",,250.0
"POINT (27.1872028 38.3688781)",,403.0
"POINT (27.1872732 38.3688782)",,404.0
"POINT (27.1871026 38.3700424)",,336.0
"POINT (27.1872105 38.3700447)",,335.0
"POINT (27.1880545 38.3700672)",,247.0
"POINT (27.1871977 38.3701313)",,248.0
"POINT (27.1872497 38.3676241)",,347.0
"POINT (27.1873245 38.3676283)",,348.0
"POINT (27.1874741 38.36778)",,349.0
"POINT (27.1872632 38.3679373)",,405.0
"POINT (27.1873437 38.3679289)",,406.0
"POINT (27.1870712 38.3677853)",,346.0
"POINT (27.1829332 38.3684797)",,340.0
"POINT (27.1828693 38.3695281)",,338.0
"POINT (27.1835355 38.3686804)",,342.0
"POINT (27.1829417 38.3686884)",,339.0
"POINT (27.1870867 38.3701333)",,249.0
"POINT (27.1876637 38.3719601)",,242.0
"POINT (27.1876882 38.3709725)",,244.0
"POINT (27.19054 38.37642)",,93.0
