mahalle,vehicle_id,vehicle_name,route_no,step_no,from_node,to_service_start,travel_path,travel_distance,serviced_edge,service_direction,service_distance,yol_adi,demand,cumulative_load
atatürk,1,AVG,1,START,REAL_DEPOT,0,REAL_DEPOT_TO_VIRTUAL_DEPOT,5600.0,,REAL_DEPOT_TO_VIRTUAL_DEPOT,0.0,-,0,0
atatürk,1,AVG,1,1,0,102,"[0, 46, 47, 48, 45, 102]",1247.0,68.0,102->101,131.0,Hoca Ahmet Yesevi cd.,700,700
atatürk,1,AVG,1,2,101,188,"[101, 103, 104, 106, 188]",339.0,101.0,188->187,46.0,204 sk.,700,1400
atatürk,1,AVG,1,3,187,181,"[187, 186, 183, 182, 180, 181]",226.0,74.0,181->113,90.0,202/37 sk.,2100,3500
atatürk,1,AVG,1,4,113,112,"[113, 112]",50.0,77.0,112->110,87.0,204/31 sk.,1400,4900
atatürk,1,AVG,1,5,110,182,"[110, 182]",95.0,80.0,182->183,53.0,204/27 sk.,1400,6300
atatürk,1,AVG,1,6,183,183,[183],0.0,82.0,183->184,46.0,204/4 sk.,1400,7700
atatürk,1,AVG,1,7,184,61,"[184, 183, 182, 61]",178.0,123.0,61->189,85.0,204/21 sk.,2100,9800
atatürk,1,AVG,1,8,189,72,"[189, 190, 192, 88, 87, 86, 85, 72]",418.0,88.0,72->71,140.0,206 sk.,2800,12600
atatürk,1,AVG,1,9,71,72,"[71, 72]",140.0,90.0,72->85,103.0,209/1 sk.,1400,14000
atatürk,1,AVG,1,10,85,83,"[85, 86, 87, 83]",91.0,94.0,83->82,79.0,63/4 sk.,1400,15400
atatürk,1,AVG,1,11,82,82,[82],0.0,95.0,82->81,119.0,204/7 sk.,1400,16800
atatürk,1,AVG,1,12,81,84,"[81, 84]",88.0,96.0,84->83,88.0,204/12 sk.,1400,18200
atatürk,1,AVG,1,13,83,86,"[83, 87, 86]",65.0,99.0,86->84,121.0,63/3 sk.,2100,20300
atatürk,1,AVG,1,14,84,88,"[84, 86, 87, 88]",285.0,110.0,88->192,17.0,207 sk.,2100,22400
atatürk,1,AVG,1,15,192,88,"[192, 88]",17.0,100.0,88->87,151.0,63/5 sk.,2100,24500
atatürk,1,AVG,1,16,87,190,"[87, 88, 192, 190]",234.0,109.0,190->191,52.0,204/8 sk.,700,25200
atatürk,1,AVG,1,17,191,190,"[191, 190]",52.0,111.0,190->192,66.0,204/4 sk.,1400,26600
atatürk,1,AVG,1,18,192,192,[192],0.0,112.0,192->193,105.0,204/10 sk.,1400,28000
atatürk,1,AVG,1,19,193,196,"[193, 192, 88, 196]",189.0,114.0,196->197,82.0,63/7 sk.,2100,30100
atatürk,1,AVG,1,20,197,196,"[197, 196]",82.0,116.0,196->195,93.0,204/18 sk.,2100,32200
atatürk,1,AVG,1,21,195,62,"[195, 196, 197, 62]",229.0,119.0,62->76,40.0,207 sk.,2100,34300
atatürk,1,AVG,1,22,76,79,"[76, 80, 79]",109.0,133.0,79->78,58.0,206 sk.,2800,37100
atatürk,1,AVG,1,23,78,79,"[78, 79]",58.0,143.0,79->75,70.0,207 sk.,1400,38500
atatürk,1,AVG,1,24,75,195,"[75, 79, 80, 76, 62, 197, 198, 199, 195]",420.0,148.0,195->194,89.0,63 sk.,1400,39900
atatürk,1,AVG,1,25,194,194,[194],0.0,149.0,194->99,199.0,63 sk.,1400,41300
atatürk,1,AVG,1,26,99,99,[99],0.0,151.0,99->89,205.0,204/10 sk.,5600,46900
atatürk,1,AVG,1,27,89,89,[89],0.0,153.0,89->90,64.0,204/34 sk.,4200,51100
atatürk,1,AVG,1,28,90,104,"[90, 176, 177, 60, 61, 182, 183, 184, 109, 107, 106, 104]",722.0,187.0,104->103,53.0,204/2 sk.,1400,52500
atatürk,1,AVG,1,29,103,73,"[103, 101, 100, 71, 73]",395.0,156.0,73->74,83.0,218 sk.,2100,54600
atatürk,1,AVG,1,30,74,65,"[74, 73, 71, 100, 101, 102, 105, 108, 67, 114, 116, 66, 64, 65]",1106.0,166.0,65->131,123.0,Hoca Ahmet Yesevi cd.,700,55300
atatürk,1,AVG,1,31,131,129,"[131, 130, 129]",45.0,169.0,129->127,42.0,202/12 sk.,700,56000
atatürk,1,AVG,1,32,127,125,"[127, 125]",52.0,171.0,125->171,83.0,202/53 sk.,3500,59500
atatürk,1,AVG,1,33,171,122,"[171, 124, 123, 122]",127.0,179.0,122->120,16.0,202/40 sk.,2100,61600
atatürk,1,AVG,1,34,120,123,"[120, 122, 123]",48.0,181.0,123->124,42.0,202/40 sk.,2800,64400
atatürk,1,AVG,1,35,124,119,"[124, 123, 122, 120, 119]",125.0,192.0,119->118,79.0,202/53 sk.,700,65100
atatürk,1,AVG,1,36,118,177,"[118, 179, 178, 177]",167.0,197.0,177->60,157.0,202/14 sk.,4200,69300
atatürk,1,AVG,1,37,60,63,"[60, 180, 181, 113, 114, 116, 66, 64, 65, 131, 134, 136, 63]",910.0,208.0,63->140,96.0,metin goktepe cd.,700,70000
atatürk,1,AVG,1,38,140,142,"[140, 155, 142]",46.0,209.0,142->143,39.0,metin goktepe cd.,1400,71400
atatürk,1,AVG,1,RETURN,143,0,"[143, 142, 155, 140, 63, 241, 242, 243, 328, 244, 245, 246, 247, 248, 249, 336, 403, 405, 346, 344, 345, 255, 201, 200, 0]",1649.0,,RETURN_TO_VIRTUAL_DEPOT,0.0,-,0,71400
atatürk,1,AVG,1,END,0,REAL_DEPOT,VIRTUAL_DEPOT_TO_REAL_DEPOT,5600.0,,VIRTUAL_DEPOT_TO_REAL_DEPOT,0.0,-,0,71400
atatürk,1,AVG,2,START,REAL_DEPOT,0,REAL_DEPOT_TO_VIRTUAL_DEPOT,5600.0,,REAL_DEPOT_TO_VIRTUAL_DEPOT,0.0,-,0,0
atatürk,1,AVG,2,1,0,143,"[0, 46, 47, 44, 42, 43, 242, 241, 63, 140, 155, 142, 143]",1907.0,210.0,143->145,148.0,metin goktepe cd.,4200,4200
atatürk,1,AVG,2,2,145,146,"[145, 146]",72.0,212.0,146->156,34.0,201 sk.,2800,7000
atatürk,1,AVG,2,3,156,159,"[156, 159]",42.0,214.0,159->160,55.0,201 sk.,4900,11900
atatürk,1,AVG,2,4,160,162,"[160, 162]",45.0,217.0,162->163,52.0,202/51 sk.,2100,14000
atatürk,1,AVG,2,5,163,92,"[163, 92]",71.0,219.0,92->96,91.0,202/42 sk.,1400,15400
atatürk,1,AVG,2,6,96,92,"[96, 92]",91.0,215.0,92->160,77.0,202/42 sk.,1400,16800
atatürk,1,AVG,2,7,160,149,"[160, 161, 59, 149]",128.0,224.0,149->150,54.0,202/8 sk.,2100,18900
atatürk,1,AVG,2,8,150,152,"[150, 151, 152]",94.0,226.0,152->139,48.0,202/58 sk.,2100,21000
atatürk,1,AVG,2,9,139,153,"[139, 152, 151, 153]",180.0,227.0,153->154,55.0,202/49 sk.,700,21700
atatürk,1,AVG,2,10,154,58,"[154, 58]",42.0,229.0,58->161,48.0,202/60 sk.,2100,23800
atatürk,1,AVG,2,11,161,158,"[161, 59, 158]",75.0,234.0,158->157,40.0,202/7 sk.,2100,25900
atatürk,1,AVG,2,12,157,139,"[157, 147, 148, 144, 141, 139]",221.0,239.0,139->140,80.0,202/58 sk.,1400,27300
atatürk,1,AVG,2,13,140,139,"[140, 139]",80.0,240.0,139->141,76.0,202/6 sk.,1400,28700
atatürk,1,AVG,2,14,141,174,"[141, 144, 150, 149, 59, 161, 58, 166, 167, 169, 174]",518.0,246.0,174->175,54.0,202/17 sk.,1400,30100
atatürk,1,AVG,2,15,175,174,"[175, 174]",54.0,247.0,174->173,32.0,202/17 sk.,700,30800
atatürk,1,AVG,2,16,173,172,"[173, 172]",26.0,249.0,172->121,52.0,202/17 sk.,1400,32200
atatürk,1,AVG,2,17,121,121,[121],0.0,250.0,121->171,66.0,202/53 sk.,700,32900
atatürk,1,AVG,2,18,171,170,"[171, 170]",50.0,251.0,170->172,67.0,202/15 sk.,700,33600
atatürk,1,AVG,2,19,172,168,"[172, 170, 168]",145.0,254.0,168->154,99.0,202/57 sk.,1400,35000
atatürk,1,AVG,2,20,154,165,"[154, 168, 167, 166, 165]",225.0,257.0,165->164,35.0,202/12 sk.,2100,37100
atatürk,1,AVG,2,21,164,166,"[164, 165, 166]",94.0,261.0,166->58,128.0,202/13 sk.,700,37800
atatürk,1,AVG,2,22,58,98,"[58, 166, 165, 91, 175, 176, 90, 89, 98]",607.0,266.0,98->97,178.0,Dogus cd.,700,38500
atatürk,1,AVG,2,23,97,169,"[97, 164, 165, 91, 169]",316.0,269.0,169->174,65.0,202/16 sk.,700,39200
atatürk,1,AVG,2,24,174,169,"[174, 169]",65.0,270.0,169->167,69.0,202/16 sk.,1400,40600
atatürk,1,AVG,2,RETURN,167,0,"[167, 168, 125, 127, 129, 130, 131, 43, 42, 39, 41, 40, 46, 0]",1664.0,,RETURN_TO_VIRTUAL_DEPOT,0.0,-,0,40600
atatürk,1,AVG,2,END,0,REAL_DEPOT,VIRTUAL_DEPOT_TO_REAL_DEPOT,5600.0,,VIRTUAL_DEPOT_TO_REAL_DEPOT,0.0,-,0,40600
atatürk,3,AZU,1,START,REAL_DEPOT,0,REAL_DEPOT_TO_VIRTUAL_DEPOT,5600.0,,REAL_DEPOT_TO_VIRTUAL_DEPOT,0.0,-,0,0
atatürk,3,AZU,1,1,0,114,"[0, 46, 47, 44, 116, 114]",1376.0,72.0,114->67,156.0,Hoca Ahmet Yesevi cd.,9000,9000
atatürk,3,AZU,1,2,67,105,"[67, 108, 105]",142.0,69.0,105->102,85.0,Hoca Ahmet Yesevi cd.,6000,15000
atatürk,3,AZU,1,3,102,102,[102],0.0,68.0,102->101,131.0,Hoca Ahmet Yesevi cd.,3000,18000
atatürk,3,AZU,1,4,101,69,"[101, 100, 71, 72, 79, 78, 68, 69]",631.0,128.0,69->70,27.0,63 sk.,6000,24000
atatürk,3,AZU,1,5,70,199,"[70, 198, 199]",65.0,131.0,199->195,53.0,63 sk.,3000,27000
atatürk,3,AZU,1,6,195,99,"[195, 194, 99]",288.0,150.0,99->98,138.0,63 sk.,3000,30000
atatürk,3,AZU,1,7,98,96,"[98, 97, 96]",344.0,279.0,96->95,114.0,Dogus cd.,3000,33000
atatürk,3,AZU,1,8,95,94,"[95, 94]",31.0,281.0,94->93,50.0,Dogus cd.,3000,36000
atatürk,3,AZU,1,9,93,63,"[93, 145, 143, 142, 155, 140, 63]",469.0,207.0,63->136,143.0,Hoca Ahmet Yesevi cd.,3000,39000
atatürk,3,AZU,1,10,136,134,"[136, 134]",71.0,198.0,134->131,88.0,Hoca Ahmet Yesevi cd.,6000,45000
atatürk,3,AZU,1,11,131,131,[131],0.0,166.0,131->65,123.0,Hoca Ahmet Yesevi cd.,6000,51000
atatürk,3,AZU,1,RETURN,65,0,"[65, 64, 66, 116, 44, 40, 46, 0]",1492.0,,RETURN_TO_VIRTUAL_DEPOT,0.0,-,0,51000
atatürk,3,AZU,1,END,0,REAL_DEPOT,VIRTUAL_DEPOT_TO_REAL_DEPOT,5600.0,,VIRTUAL_DEPOT_TO_REAL_DEPOT,0.0,-,0,51000
kurucesme,1,AVG,1,START,REAL_DEPOT,0,REAL_DEPOT_TO_VIRTUAL_DEPOT,5600.0,,REAL_DEPOT_TO_VIRTUAL_DEPOT,0.0,-,0,0
kurucesme,1,AVG,1,1,0,243,"[0, 46, 47, 44, 42, 39, 38, 243]",1606.0,353.0,243->244,111.0,206/50 sk.,1400,1400
kurucesme,1,AVG,1,2,244,246,"[244, 245, 246]",57.0,698.0,246->247,87.0,203/40 sk.,1400,2800
kurucesme,1,AVG,1,3,247,329,"[247, 246, 329]",98.0,368.0,329->325,62.0,203/40 sk.,2100,4900
kurucesme,1,AVG,1,4,325,325,[325],0.0,369.0,325->324,104.0,203/40 sk.,2100,7000
kurucesme,1,AVG,1,5,324,330,"[324, 330]",112.0,370.0,330->329,89.0,203/28 sk.,700,7700
kurucesme,1,AVG,1,6,329,330,"[329, 330]",89.0,372.0,330->331,59.0,203/28 sk.,700,8400
kurucesme,1,AVG,1,7,331,323,"[331, 397, 323]",100.0,374.0,323->324,41.0,203/40 sk.,700,9100
kurucesme,1,AVG,1,8,324,398,"[324, 323, 397, 398]",157.0,378.0,398->399,106.0,203/35 sk.,1400,10500
kurucesme,1,AVG,1,9,399,389,"[399, 388, 389]",91.0,381.0,389->396,99.0,205/1 sk.,2100,12600
kurucesme,1,AVG,1,10,396,390,"[396, 389, 390]",125.0,383.0,390->430,48.0,203/38 sk.,700,13300
kurucesme,1,AVG,1,11,430,430,[430],0.0,384.0,430->320,57.0,203/38 sk.,1400,14700
kurucesme,1,AVG,1,12,320,331,"[320, 321, 322, 323, 397, 331]",188.0,379.0,331->400,147.0,203/28 sk.,2100,16800
kurucesme,1,AVG,1,13,400,399,"[400, 399]",30.0,387.0,399->388,81.0,203/37 sk.,700,17500
kurucesme,1,AVG,1,14,388,387,"[388, 387]",106.0,393.0,387->386,79.0,205 sk.,2100,19600
kurucesme,1,AVG,1,15,386,384,"[386, 385, 384]",36.0,399.0,384->383,30.0,205 sk.,1400,21000
kurucesme,1,AVG,1,16,383,382,"[383, 382]",27.0,417.0,382->381,48.0,205 sk.,4200,25200
kurucesme,1,AVG,1,17,381,392,"[381, 382, 383, 384, 437, 434, 399, 388, 389, 390, 391, 392]",414.0,440.0,392->318,35.0,Hoca Ahmet Yesevi Cd.,700,25900
kurucesme,1,AVG,1,18,318,305,"[318, 392, 391, 305]",143.0,441.0,305->304,62.0,Hoca Ahmet Yesevi Cd.,700,26600
kurucesme,1,AVG,1,19,304,206,"[304, 303, 301, 300, 299, 298, 224, 223, 222, 220, 219, 292, 293, 378, 377, 417, 416, 415, 414, 358, 357, 271, 270, 269, 206]",1100.0,457.0,206->205,77.0,Yol adı belirtilmemiş,3500,30100
kurucesme,1,AVG,1,20,205,206,"[205, 206]",77.0,460.0,206->207,81.0,205/52 sk.,2800,32900
kurucesme,1,AVG,1,21,207,207,[207],0.0,461.0,207->208,50.0,205/52 sk.,2100,35000
kurucesme,1,AVG,1,22,208,355,"[208, 274, 273, 272, 271, 357, 356, 355]",281.0,464.0,355->354,62.0,205 sk.,700,35700
kurucesme,1,AVG,1,23,354,270,"[354, 270]",45.0,465.0,270->271,124.0,205/27 sk.,2800,38500
kurucesme,1,AVG,1,24,271,274,"[271, 272, 273, 274]",137.0,466.0,274->208,38.0,Yol adı belirtilmemiş,1400,39900
kurucesme,1,AVG,1,25,208,274,"[208, 274]",38.0,467.0,274->273,76.0,Yol adı belirtilmemiş,1400,41300
kurucesme,1,AVG,1,26,273,360,"[273, 272, 360]",59.0,470.0,360->359,29.0,205/3 sk.,2100,43400
kurucesme,1,AVG,1,27,359,365,"[359, 360, 361, 362, 363, 373, 365]",275.0,507.0,365->366,19.0,205/7 sk.,700,44100
kurucesme,1,AVG,1,28,366,368,"[366, 368]",72.0,511.0,368->370,42.0,205/29 sk.,700,44800
kurucesme,1,AVG,1,29,370,414,"[370, 436, 372, 373, 363, 362, 361, 360, 359, 358, 414]",441.0,482.0,414->413,77.0,205/17 sk.,2100,46900
kurucesme,1,AVG,1,30,413,378,"[413, 425, 418, 416, 417, 377, 378]",226.0,491.0,378->379,111.0,205/36 sk.,1400,48300
kurucesme,1,AVG,1,31,379,425,"[379, 417, 416, 418, 425]",166.0,493.0,425->413,68.0,205 sk.,700,49000
kurucesme,1,AVG,1,32,413,374,"[413, 414, 415, 376, 375, 374]",369.0,501.0,374->373,83.0,205/7 sk.,1400,50400
kurucesme,1,AVG,1,33,373,365,"[373, 365]",54.0,504.0,365->436,36.0,205/8 sk.,2100,52500
kurucesme,1,AVG,1,34,436,366,"[436, 365, 366]",55.0,508.0,366->368,72.0,205/11 sk.,700,53200
kurucesme,1,AVG,1,35,368,366,"[368, 366]",72.0,509.0,366->367,32.0,205/7 sk.,1400,54600
kurucesme,1,AVG,1,36,367,210,"[367, 279, 280, 210]",99.0,529.0,210->209,113.0,205/2 sk.,2100,56700
kurucesme,1,AVG,1,37,209,210,"[209, 210]",113.0,531.0,210->211,199.0,205/2 sk.,2800,59500
kurucesme,1,AVG,1,38,211,279,"[211, 281, 280, 279]",175.0,535.0,279->278,77.0,205/31 sk.,1400,60900
kurucesme,1,AVG,1,39,278,281,"[278, 279, 280, 281]",166.0,539.0,281->282,69.0,205/10 sk.,2800,63700
kurucesme,1,AVG,1,40,282,282,[282],0.0,540.0,282->367,117.0,205/35 sk.,1400,65100
kurucesme,1,AVG,1,41,367,284,"[367, 366, 368, 284]",153.0,581.0,284->369,43.0,205/10 sk.,1400,66500
kurucesme,1,AVG,1,42,369,369,[369],0.0,583.0,369->287,82.0,205/10 sk.,2100,68600
kurucesme,1,AVG,1,43,287,372,"[287, 288, 371, 372]",131.0,587.0,372->373,51.0,205/21 sk.,2100,70700
kurucesme,1,AVG,1,44,373,275,"[373, 363, 362, 276, 275]",152.0,471.0,275->274,98.0,205/39 sk.,1400,72100
kurucesme,1,AVG,1,RETURN,274,0,"[274, 208, 207, 206, 269, 268, 267, 266, 204, 203, 202, 201, 200, 0]",1238.0,,RETURN_TO_VIRTUAL_DEPOT,0.0,-,0,72100
kurucesme,1,AVG,1,END,0,REAL_DEPOT,VIRTUAL_DEPOT_TO_REAL_DEPOT,5600.0,,VIRTUAL_DEPOT_TO_REAL_DEPOT,0.0,-,0,72100
kurucesme,1,AVG,2,START,REAL_DEPOT,0,REAL_DEPOT_TO_VIRTUAL_DEPOT,5600.0,,REAL_DEPOT_TO_VIRTUAL_DEPOT,0.0,-,0,0
kurucesme,1,AVG,2,1,0,372,"[0, 200, 201, 202, 203, 204, 266, 267, 268, 269, 206, 207, 208, 274, 275, 276, 362, 363, 373, 372]",1539.0,545.0,372->371,34.0,205/8 sk.,2100,2100
kurucesme,1,AVG,2,2,371,213,"[371, 370, 368, 284, 283, 212, 213]",233.0,549.0,213->214,69.0,205/12 sk.,2800,4900
kurucesme,1,AVG,2,3,214,214,[214],0.0,550.0,214->215,58.0,205/59 sk.,2100,7000
kurucesme,1,AVG,2,4,215,217,"[215, 214, 216, 285, 286, 287, 288, 289, 217]",334.0,552.0,217->216,261.0,Dogus cd.,1400,8400
kurucesme,1,AVG,2,5,216,212,"[216, 214, 213, 212]",102.0,553.0,212->211,86.0,205/45 sk.,2800,11200
kurucesme,1,AVG,2,6,211,354,"[211, 210, 209, 208, 207, 206, 269, 270, 354]",736.0,567.0,354->353,44.0,205 sk.,2100,13300
kurucesme,1,AVG,2,7,353,356,"[353, 354, 355, 356]",115.0,570.0,356->412,79.0,205 sk,1400,14700
kurucesme,1,AVG,2,8,412,355,"[412, 356, 355]",88.0,572.0,355->410,78.0,205/19 sk.,2800,17500
kurucesme,1,AVG,2,9,410,396,"[410, 355, 356, 412, 413, 425, 418, 419, 435, 380, 294, 220, 221, 222, 295, 296, 297, 433, 432, 431, 387, 388, 389, 396]",1247.0,595.0,396->322,35.0,205/1 sk.,1400,18900
kurucesme,1,AVG,2,10,322,321,"[322, 321]",29.0,597.0,321->240,141.0,203/38 sk.,3500,22400
kurucesme,1,AVG,2,11,240,239,"[240, 239]",55.0,603.0,239->319,164.0,Hoca Ahmet Yesevi cd.,700,23100
kurucesme,1,AVG,2,12,319,388,"[319, 318, 392, 391, 390, 389, 388]",173.0,608.0,388->387,106.0,205/1 sk.,1400,24500
kurucesme,1,AVG,2,13,387,231,"[387, 304, 305, 306, 307, 308, 309, 395, 231]",577.0,611.0,231->230,31.0,Dogus cd.,1400,25900
kurucesme,1,AVG,2,14,230,229,"[230, 229]",51.0,613.0,229->228,49.0,Dogus cd.,1400,27300
kurucesme,1,AVG,2,15,228,308,"[228, 309, 308]",178.0,615.0,308->307,83.0,Yol adı belirtilmemiş,2100,29400
kurucesme,1,AVG,2,16,307,228,"[307, 308, 309, 228]",261.0,616.0,228->227,233.0,Dogus cd.,1400,30800
kurucesme,1,AVG,2,17,227,226,"[227, 226]",46.0,732.0,226->225,57.0,Dogus cd.,1400,32200
kurucesme,1,AVG,2,18,225,407,"[225, 224, 223, 222, 220, 219, 292, 293, 378, 377, 417, 416, 418, 425, 424, 423, 421, 438, 407]",1026.0,652.0,407->350,119.0,1412 sk.,2100,34300
kurucesme,1,AVG,2,19,350,438,"[350, 407, 438]",260.0,654.0,438->421,46.0,1409 sk.,700,35000
kurucesme,1,AVG,2,20,421,408,"[421, 438, 408]",229.0,655.0,408->351,65.0,1409 sk.,700,35700
kurucesme,1,AVG,2,21,351,407,"[351, 350, 407]",214.0,650.0,407->334,122.0,1412 sk.,3500,39200
kurucesme,1,AVG,2,22,334,266,"[334, 407, 350, 351, 352, 353, 267, 266]",588.0,658.0,266->204,41.0,205 sk.,700,39900
kurucesme,1,AVG,2,23,204,259,"[204, 203, 258, 259]",424.0,663.0,259->260,58.0,205 sk.,700,40600
kurucesme,1,AVG,2,24,260,264,"[260, 259, 261, 263, 264]",238.0,667.0,264->351,102.0,1409 sk.,2100,42700
kurucesme,1,AVG,2,25,351,264,"[351, 264]",102.0,672.0,264->263,97.0,1409 sk.,700,43400
kurucesme,1,AVG,2,26,263,201,"[263, 262, 257, 256, 255, 201]",407.0,673.0,201->200,58.0,1413 sk.,1400,44800
kurucesme,1,AVG,2,27,200,201,"[200, 201]",58.0,674.0,201->202,213.0,1413 sk.,2100,46900
kurucesme,1,AVG,2,28,202,419,"[202, 203, 204, 266, 267, 353, 354, 355, 356, 412, 413, 425, 418, 419]",822.0,512.0,419->435,77.0,205 sk.,1400,48300
kurucesme,1,AVG,2,29,435,345,"[435, 419, 420, 422, 421, 438, 407, 404, 403, 405, 346, 344, 345]",939.0,676.0,345->255,121.0,1415 sk.,1400,49700
kurucesme,1,AVG,2,30,255,345,"[255, 345]",121.0,677.0,345->256,62.0,1406 sk.,1400,51100
kurucesme,1,AVG,2,31,256,256,[256],0.0,678.0,256->257,72.0,1409 sk.,2800,53900
kurucesme,1,AVG,2,32,257,256,"[257, 256]",72.0,680.0,256->255,142.0,1409 sk.,2100,56000
kurucesme,1,AVG,2,33,255,255,[255],0.0,683.0,255->254,69.0,1409 sk.,700,56700
kurucesme,1,AVG,2,34,254,253,"[254, 253]",47.0,685.0,253->341,96.0,1402 sk.,2100,58800
kurucesme,1,AVG,2,35,341,343,"[341, 342, 343]",177.0,688.0,343->344,118.0,1406 sk.,1400,60200
kurucesme,1,AVG,2,36,344,200,"[344, 345, 255, 201, 200]",346.0,692.0,200->0,253.0,200/70 sk.,3500,63700
kurucesme,1,AVG,2,37,0,263,"[0, 200, 201, 255, 256, 257, 262, 263]",718.0,721.0,263->348,101.0,1410 sk.,1400,65100
kurucesme,1,AVG,2,38,348,341,"[348, 349, 406, 405, 346, 344, 254, 253, 341]",478.0,723.0,341->340,53.0,1403 sk.,700,65800
kurucesme,1,AVG,2,RETURN,340,0,"[340, 251, 252, 200, 0]",500.0,,RETURN_TO_VIRTUAL_DEPOT,0.0,-,0,65800
kurucesme,1,AVG,2,END,0,REAL_DEPOT,VIRTUAL_DEPOT_TO_REAL_DEPOT,5600.0,,VIRTUAL_DEPOT_TO_REAL_DEPOT,0.0,-,0,65800
kurucesme,2,AYT,1,START,REAL_DEPOT,0,REAL_DEPOT_TO_VIRTUAL_DEPOT,5600.0,,REAL_DEPOT_TO_VIRTUAL_DEPOT,0.0,-,0,0
kurucesme,2,AYT,1,1,0,155,"[0, 46, 47, 44, 42, 43, 242, 241, 63, 140, 155]",1841.0,601.0,155->238,58.0,202/50 sk.,700,700
kurucesme,2,AYT,1,2,238,308,"[238, 237, 314, 394, 308]",243.0,445.0,308->309,83.0,203/31 sk.,1400,2100
kurucesme,2,AYT,1,3,309,431,"[309, 308, 307, 306, 305, 304, 387, 431]",427.0,395.0,431->432,27.0,203/15 sk,1400,3500
kurucesme,2,AYT,1,4,432,433,"[432, 433]",16.0,402.0,433->299,61.0,203/3 sk.,700,4200
kurucesme,2,AYT,1,5,299,301,"[299, 300, 301]",44.0,408.0,301->303,77.0,203/4 sk.,1400,5600
kurucesme,2,AYT,1,6,303,437,"[303, 304, 387, 386, 385, 384, 437]",216.0,389.0,437->434,40.0,203/35 sk.,700,6300
kurucesme,2,AYT,1,7,434,318,"[434, 399, 388, 389, 390, 391, 392, 318]",258.0,420.0,318->317,56.0,Hacı Bektas Veli Sk.,1400,7700
kurucesme,2,AYT,1,8,317,316,"[317, 316]",30.0,427.0,316->315,68.0,202/50 sk.,700,8400
kurucesme,2,AYT,1,9,315,314,"[315, 314]",48.0,432.0,314->313,96.0,202 sk.,1400,9800
kurucesme,2,AYT,1,10,313,395,"[313, 395]",50.0,436.0,395->394,82.0,Hacı Bektas Veli Sk.,1400,11200
kurucesme,2,AYT,1,11,394,399,"[394, 393, 316, 317, 318, 392, 391, 390, 389, 388, 399]",361.0,388.0,399->434,31.0,203/35 sk.,700,11900
kurucesme,2,AYT,1,12,434,237,"[434, 399, 388, 389, 390, 391, 392, 318, 317, 316, 393, 394, 314, 237]",518.0,636.0,237->143,52.0,202/5 sk.,1400,13300
kurucesme,2,AYT,1,13,143,234,"[143, 145, 235, 234]",228.0,448.0,234->311,71.0,201/2 sk.,1400,14700
kurucesme,2,AYT,1,14,311,234,"[311, 234]",71.0,450.0,234->233,109.0,202/3 sk.,2100,16800
kurucesme,2,AYT,1,15,233,228,"[233, 232, 231, 230, 229, 228]",257.0,456.0,228->309,95.0,201/4 sk.,1400,18200
kurucesme,2,AYT,1,16,309,296,"[309, 308, 307, 306, 305, 304, 387, 431, 432, 433, 297, 296]",579.0,419.0,296->295,33.0,203/20 sk.,1400,19600
kurucesme,2,AYT,1,17,295,296,"[295, 296]",33.0,413.0,296->223,108.0,203/25 sk.,1400,21000
kurucesme,2,AYT,1,18,223,292,"[223, 222, 220, 219, 292]",255.0,592.0,292->291,130.0,203/47 sk.,2800,23800
kurucesme,2,AYT,1,19,291,205,"[291, 290, 375, 376, 415, 414, 358, 357, 271, 270, 269, 268, 205]",598.0,657.0,205->204,126.0,205/27 sk.,3500,27300
kurucesme,2,AYT,1,20,204,265,"[204, 266, 265]",105.0,459.0,265->352,147.0,205/16 sk.,3500,30800
kurucesme,2,AYT,1,21,352,270,"[352, 353, 354, 270]",148.0,462.0,270->269,68.0,205/27 sk.,2100,32900
kurucesme,2,AYT,1,22,269,420,"[269, 270, 354, 355, 410, 409, 427, 426, 423, 424, 420]",487.0,514.0,420->422,77.0,203/10 sk.,1400,34300
kurucesme,2,AYT,1,23,422,424,"[422, 421, 423, 424]",100.0,517.0,424->425,161.0,205/4 sk.,1400,35700
kurucesme,2,AYT,1,24,425,419,"[425, 418, 419]",33.0,571.0,419->420,163.0,203/10 sk.,1400,37100
kurucesme,2,AYT,1,RETURN,420,0,"[420, 424, 423, 426, 427, 409, 408, 351, 264, 263, 262, 257, 256, 255, 201, 200, 0]",1216.0,,RETURN_TO_VIRTUAL_DEPOT,0.0,-,0,37100
kurucesme,2,AYT,1,END,0,REAL_DEPOT,VIRTUAL_DEPOT_TO_REAL_DEPOT,5600.0,,VIRTUAL_DEPOT_TO_REAL_DEPOT,0.0,-,0,37100
kurucesme,3,AZU,1,START,REAL_DEPOT,0,REAL_DEPOT_TO_VIRTUAL_DEPOT,5600.0,,REAL_DEPOT_TO_VIRTUAL_DEPOT,0.0,-,0,0
kurucesme,3,AZU,1,1,0,335,"[0, 200, 201, 255, 345, 344, 343, 337, 336, 335]",1000.0,702.0,335->334,79.0,1401 sk. Ahmet Piristina blv,6000,6000
kurucesme,3,AZU,1,2,334,333,"[334, 333]",163.0,645.0,333->435,297.0,203/36 sk.,9000,15000
kurucesme,3,AZU,1,3,435,379,"[435, 380, 379]",75.0,492.0,379->417,66.0,205/2 sk.,3000,18000
kurucesme,3,AZU,1,4,417,376,"[417, 377, 376]",107.0,497.0,376->375,107.0,205/6 sk.,6000,24000
kurucesme,3,AZU,1,5,375,375,[375],0.0,498.0,375->290,16.0,205/6 sk.,3000,27000
kurucesme,3,AZU,1,6,290,217,"[290, 289, 217]",138.0,552.0,217->216,261.0,Dogus cd.,3000,30000
kurucesme,3,AZU,1,7,216,359,"[216, 285, 286, 287, 288, 371, 372, 373, 363, 362, 361, 360, 359]",538.0,576.0,359->358,60.0,205/3,3000,33000
kurucesme,3,AZU,1,8,358,435,"[358, 414, 413, 425, 418, 419, 435]",282.0,591.0,435->380,37.0,203/36 sk.,3000,36000
kurucesme,3,AZU,1,9,380,319,"[380, 294, 220, 221, 222, 295, 296, 297, 433, 432, 431, 387, 304, 305, 391, 392, 318, 319]",895.0,603.0,319->239,164.0,Hoca Ahmet Yesevi cd.,3000,39000
kurucesme,3,AZU,1,10,239,391,"[239, 319, 318, 392, 391]",266.0,606.0,391->305,68.0,Hoca Ahmet Yesevi cd.,3000,42000
kurucesme,3,AZU,1,11,305,233,"[305, 306, 307, 308, 309, 395, 313, 312, 236, 235, 234, 233]",612.0,609.0,233->232,73.0,Dogus cd.,3000,45000
kurucesme,3,AZU,1,12,232,228,"[232, 231, 230, 229, 228]",184.0,616.0,228->227,233.0,Dogus cd.,6000,51000
kurucesme,3,AZU,1,13,227,219,"[227, 226, 222, 220, 219]",385.0,619.0,219->218,135.0,Dogus cd.,3000,54000
kurucesme,3,AZU,1,14,218,294,"[218, 291, 292, 293, 294]",371.0,624.0,294->220,120.0,Yol adı belirtilmemiş,3000,57000
kurucesme,3,AZU,1,15,220,302,"[220, 221, 222, 295, 296, 297, 433, 432, 431, 387, 304, 303, 302]",545.0,633.0,302->226,40.0,Hoca Ahmet Yesevi cd.,3000,60000
kurucesme,3,AZU,1,16,226,303,"[226, 225, 300, 301, 303]",216.0,410.0,303->304,17.0,Hoca Ahmet Yesevi Cd.,3000,63000
kurucesme,3,AZU,1,17,304,334,"[304, 387, 388, 389, 396, 322, 323, 324, 325, 329, 246, 247, 248, 249, 336, 335, 334]",809.0,649.0,334->333,163.0,Ahmet Piristina blv,3000,66000
kurucesme,3,AZU,1,18,333,438,"[333, 438]",113.0,651.0,438->407,141.0,1403 sk.,3000,69000
kurucesme,3,AZU,1,19,407,344,"[407, 404, 403, 405, 346, 344]",357.0,689.0,344->254,117.0,1405 sk.,3000,72000
kurucesme,3,AZU,1,20,254,337,"[254, 344, 343, 337]",356.0,670.0,337->336,153.0,1401 sk.,3000,75000
kurucesme,3,AZU,1,21,336,343,"[336, 403, 343]",288.0,693.0,343->342,162.0,1403 sk.,3000,78000
kurucesme,3,AZU,1,22,342,339,"[342, 339]",52.0,727.0,339->338,94.0,1416 sk.,6000,84000
kurucesme,3,AZU,1,23,338,251,"[338, 339, 340, 251]",200.0,701.0,251->250,190.0,1413 sk.,3000,87000
kurucesme,3,AZU,1,24,250,404,"[250, 338, 339, 342, 343, 403, 404]",569.0,706.0,404->407,79.0,1403 sk.,3000,90000
kurucesme,3,AZU,1,25,407,404,"[407, 404]",79.0,707.0,404->335,130.0,1408 sk.,3000,93000
kurucesme,3,AZU,1,26,335,336,"[335, 248, 249, 336]",30.0,709.0,336->403,130.0,1408 sk,3000,96000
kurucesme,3,AZU,1,27,403,346,"[403, 405, 346]",131.0,710.0,346->344,141.0,1405 sk.,6000,102000
kurucesme,3,AZU,1,28,344,349,"[344, 346, 347, 348, 349]",197.0,714.0,349->350,65.0,1407 sk.,6000,108000
kurucesme,3,AZU,1,29,350,406,"[350, 349, 406]",86.0,719.0,406->404,106.0,1408 sk.,3000,111000
kurucesme,3,AZU,1,30,404,252,"[404, 403, 343, 342, 341, 253, 252]",525.0,682.0,252->200,104.0,1413 sk.,3000,114000
kurucesme,3,AZU,1,RETURN,200,0,"[200, 0]",253.0,,RETURN_TO_VIRTUAL_DEPOT,0.0,-,0,114000
kurucesme,3,AZU,1,END,0,REAL_DEPOT,VIRTUAL_DEPOT_TO_REAL_DEPOT,5600.0,,VIRTUAL_DEPOT_TO_REAL_DEPOT,0.0,-,0,114000
